0.0021,-1,-1,1,名詞,一般,*,*,*,*,0.0021,ゼロ テン ゼロ ゼロ ニ イチ,ゼロ テン ゼロ ゼロ ニ イチ,ぜろ てん ぜろ ぜろ に いち
1,-1,-1,1,名詞,一般,*,*,*,*,1,イチ,イチ,いち
10,-1,-1,1,名詞,一般,*,*,*,*,10,ジュウ,ジュウ,じゅう
100,-1,-1,1,名詞,一般,*,*,*,*,100,ヒャク,ヒャク,ひゃく
100%,-1,-1,1,名詞,一般,*,*,*,*,100%,ヒャクパーセント,ヒャクパーセント,ひゃくパーセント
1000円,-1,-1,1,名詞,一般,*,*,*,*,1000円,センエン,センエン,せんえん
1000年,-1,-1,1,名詞,一般,*,*,*,*,1000年,センネン,センネン,せんねん
100メートル,-1,-1,1,名詞,一般,*,*,*,*,100メートル,ヒャクメートル,ヒャクメートル,ひゃくメートル
100万円,-1,-1,1,名詞,一般,*,*,*,*,100万円,ヒャクマンエン,ヒャクマンエン,ひゃくまんえん
100円,-1,-1,1,名詞,一般,*,*,*,*,100円,ヒャクエン,ヒャクエン,ひゃくえん
100字,-1,-1,1,名詞,一般,*,*,*,*,100字,ヒャクジ,ヒャクジ,ひゃくじ
1015匹,-1,-1,1,名詞,一般,*,*,*,*,1015匹,センジュウゴヒキ,センジュウゴヒキ,せんじゅうごひき
102,-1,-1,1,名詞,一般,*,*,*,*,102,ヒャクニ,ヒャクニ,ひゃくに
10kg,-1,-1,1,名詞,一般,*,*,*,*,10kg,ジュウキロ,ジュウキロ,じゅうキロ
10ねん,-1,-1,1,名詞,一般,*,*,*,*,10ねん,ジュウネン,ジュウネン,じゅうねん
10キロ,-1,-1,1,名詞,一般,*,*,*,*,10キロ,ジュウキロ,ジュウキロ,じゅうキロ
10ヶ月,-1,-1,1,名詞,一般,*,*,*,*,10ヶ月,ジュウカゲツ,ジュウカゲツ,じゅうかげつ
10万,-1,-1,1,名詞,一般,*,*,*,*,10万,ジュウマン,ジュウマン,じゅうまん
10両,-1,-1,1,名詞,一般,*,*,*,*,10両,ジュウリョウ,ジュウリョウ,じゅうりょう
10人,-1,-1,1,名詞,一般,*,*,*,*,10人,ジュウニン,ジュウニン,じゅうにん
10個,-1,-1,1,名詞,一般,*,*,*,*,10個,ジュウコ,ジュウコ,じゅうこ
10倍,-1,-1,1,名詞,一般,*,*,*,*,10倍,ジュウバイ,ジュウバイ,じゅうばい
10分,-1,-1,1,名詞,一般,*,*,*,*,10分,ジュップン,ジュップン,じゅっぷん
10分間,-1,-1,1,名詞,一般,*,*,*,*,10分間,ジュップンカン,ジュップンカン,じゅっぷんかん
10日,-1,-1,1,名詞,一般,*,*,*,*,10日,トオカ,トオカ,とおか
10時,-1,-1,1,名詞,一般,*,*,*,*,10時,ジュウジ,ジュウジ,じゅうじ
10時半,-1,-1,1,名詞,一般,*,*,*,*,10時半,ジュウジハン,ジュウジハン,じゅうじはん
10月,-1,-1,1,名詞,一般,*,*,*,*,10月,ジュウガツ,ジュウガツ,じゅうがつ
10枚,-1,-1,1,名詞,一般,*,*,*,*,10枚,ジュウマイ,ジュウマイ,じゅうまい
10歳,-1,-1,1,名詞,一般,*,*,*,*,10歳,ジュウサイ,ジュウサイ,じゅうさい
10秒,-1,-1,1,名詞,一般,*,*,*,*,10秒,ジュウビョウ,ジュウビョウ,じゅうびょう
10秒5,-1,-1,1,名詞,一般,*,*,*,*,10秒5,ジュウビョウゴ,ジュウビョウゴ,じゅうびょうご
10章,-1,-1,1,名詞,一般,*,*,*,*,10章,ジュッショウ,ジュッショウ,じゅっしょう
11,-1,-1,1,名詞,一般,*,*,*,*,11,ジュウイチ,ジュウイチ,じゅういち
110番,-1,-1,1,名詞,一般,*,*,*,*,110番,ヒャクジュウバン,ヒャクジュウバン,ひゃくじゅうばん
119番,-1,-1,1,名詞,一般,*,*,*,*,119番,ヒャクジュウキュウバン,ヒャクジュウキュウバン,ひゃくじゅうきゅうばん
11代目,-1,-1,1,名詞,一般,*,*,*,*,11代目,ジュウイチダイメ,ジュウイチダイメ,じゅういちだいめ
11日,-1,-1,1,名詞,一般,*,*,*,*,11日,ジュウイチニチ,ジュウイチニチ,じゅういちにち
11時,-1,-1,1,名詞,一般,*,*,*,*,11時,ジュウイチジ,ジュウイチジ,じゅういちじ
11月,-1,-1,1,名詞,一般,*,*,*,*,11月,ジュウイチガツ,ジュウイチガツ,じゅういちがつ
11点,-1,-1,1,名詞,一般,*,*,*,*,11点,ジュウイチテン,ジュウイチテン,じゅういちてん
12,-1,-1,1,名詞,一般,*,*,*,*,12,ジュウニ,ジュウニ,じゅうに
120,-1,-1,1,名詞,一般,*,*,*,*,120,ヒャクニジュウ,ヒャクニジュウ,ひゃくにじゅう
125,-1,-1,1,名詞,一般,*,*,*,*,125,ヒャクニジュウゴ,ヒャクニジュウゴ,ひゃくにじゅうご
12909,-1,-1,1,名詞,一般,*,*,*,*,12909,イチマンニセンキュウヒャクキュウ,イチマンニセンキュウヒャクキュウ,いちまんにせんきゅうひゃくきゅう
12日,-1,-1,1,名詞,一般,*,*,*,*,12日,ジュウニニチ,ジュウニニチ,じゅうににち
12時,-1,-1,1,名詞,一般,*,*,*,*,12時,ジュウニジ,ジュウニジ,じゅうにじ
12月,-1,-1,1,名詞,一般,*,*,*,*,12月,ジュウニガツ,ジュウニガツ,じゅうにがつ
13,-1,-1,1,名詞,一般,*,*,*,*,13,ジュウサン,ジュウサン,じゅうさん
130,-1,-1,1,名詞,一般,*,*,*,*,130,ヒャクサンジュウ,ヒャクサンジュウ,ひゃくさんじゅう
133枚,-1,-1,1,名詞,一般,*,*,*,*,133枚,ヒャクサンジュウサンマイ,ヒャクサンジュウサンマイ,ひゃくさんじゅうさんまい
13日,-1,-1,1,名詞,一般,*,*,*,*,13日,ジュウサンニチ,ジュウサンニチ,じゅうさんにち
13歳,-1,-1,1,名詞,一般,*,*,*,*,13歳,ジュウサンサイ,ジュウサンサイ,じゅうさんさい
140,-1,-1,1,名詞,一般,*,*,*,*,140,ヒャクヨンジュウ,ヒャクヨンジュウ,ひゃくよんじゅう
140年,-1,-1,1,名詞,一般,*,*,*,*,140年,ヒャクヨンジュウネン,ヒャクヨンジュウネン,ひゃくよんじゅうねん
14巻,-1,-1,1,名詞,一般,*,*,*,*,14巻,ジュウヨンカン,ジュウヨンカン,じゅうよんかん
14年,-1,-1,1,名詞,一般,*,*,*,*,14年,ジュウヨネン,ジュウヨネン,じゅうよねん
14日,-1,-1,1,名詞,一般,*,*,*,*,14日,ジュウヨッカ,ジュウヨッカ,じゅうよっか
15,-1,-1,1,名詞,一般,*,*,*,*,15,ジュウゴ,ジュウゴ,じゅうご
15分,-1,-1,1,名詞,一般,*,*,*,*,15分,ジュウゴフン,ジュウゴフン,じゅうごふん
15日,-1,-1,1,名詞,一般,*,*,*,*,15日,ジュウゴニチ,ジュウゴニチ,じゅうごにち
15時,-1,-1,1,名詞,一般,*,*,*,*,15時,ジュウゴジ,ジュウゴジ,じゅうごじ
15歳,-1,-1,1,名詞,一般,*,*,*,*,15歳,ジュウゴサイ,ジュウゴサイ,じゅうごさい
16,-1,-1,1,名詞,一般,*,*,*,*,16,ジュウロク,ジュウロク,じゅうろく
165,-1,-1,1,名詞,一般,*,*,*,*,165,ヒャクロクジュウゴ,ヒャクロクジュウゴ,ひゃくろくじゅうご
16:00,-1,-1,1,名詞,一般,*,*,*,*,16:00,ジュウヨジ,ジュウヨジ,じゅうよじ
16日,-1,-1,1,名詞,一般,*,*,*,*,16日,ジュウロクニチ,ジュウロクニチ,じゅうろくにち
16歳,-1,-1,1,名詞,一般,*,*,*,*,16歳,ジュウロクサイ,ジュウロクサイ,じゅうろくさい
17日,-1,-1,1,名詞,一般,*,*,*,*,17日,ジュウシチニチ,ジュウシチニチ,じゅうしちにち
18,-1,-1,1,名詞,一般,*,*,*,*,18,ジュウハチ,ジュウハチ,じゅうはち
18日,-1,-1,1,名詞,一般,*,*,*,*,18日,ジュウハチニチ,ジュウハチニチ,じゅうはちにち
1960,-1,-1,1,名詞,一般,*,*,*,*,1960,センキュウヒャクロクジュウ,センキュウヒャクロクジュウ,せんきゅうひゃくろくじゅう
1960年,-1,-1,1,名詞,一般,*,*,*,*,1960年,センキュウヒャクロクジュウネン,センキュウヒャクロクジュウネン,せんきゅうひゃくろくじゅうねん
1963年,-1,-1,1,名詞,一般,*,*,*,*,1963年,センキュウヒャクロクジュウサンネン,センキュウヒャクロクジュウサンネン,せんきゅうひゃくろくじゅうさんねん
1993年,-1,-1,1,名詞,一般,*,*,*,*,1993年,センキュウヒャクキュウジュウサンネン,センキュウヒャクキュウジュウサンネン,せんきゅうひゃくきゅうじゅうさんねん
1998年,-1,-1,1,名詞,一般,*,*,*,*,1998年,センキュウヒャクキュウジュウハチネン,センキュウヒャクキュウジュウハチネン,せんきゅうひゃくきゅうじゅうはちねん
1999年,-1,-1,1,名詞,一般,*,*,*,*,1999年,センキュウヒャクキュウジュウキュウネン,センキュウヒャクキュウジュウキュウネン,せんきゅうひゃくきゅうじゅうきゅうねん
199X年,-1,-1,1,名詞,一般,*,*,*,*,199X年,センキュウヒャクキュウジュウエクスネン,センキュウヒャクキュウジュウエクスネン,せんきゅうひゃくきゅうじゅうエクスねん
19日,-1,-1,1,名詞,一般,*,*,*,*,19日,ジュウクニチ,ジュウクニチ,じゅうくにち
1F,-1,-1,1,名詞,一般,*,*,*,*,1F,イッカイ,イッカイ,いっかい
1h,-1,-1,1,名詞,一般,*,*,*,*,1h,イチエッチ,イチエッチ,いちエッチ
1か月,-1,-1,1,名詞,一般,*,*,*,*,1か月,イッカゲツ,イッカゲツ,いっかげつ
1つ,-1,-1,1,名詞,一般,*,*,*,*,1つ,ヒトツ,ヒトツ,ひとつ
1ばん,-1,-1,1,名詞,一般,*,*,*,*,1ばん,イチバン,イチバン,いちばん
1ぴき,-1,-1,1,名詞,一般,*,*,*,*,1ぴき,イッピキ,イッピキ,いっぴき
1キロ,-1,-1,1,名詞,一般,*,*,*,*,1キロ,イチキロ,イチキロ,いちキロ
1コ,-1,-1,1,名詞,一般,*,*,*,*,1コ,イッコ,イッコ,いっこ
1ヶ月,-1,-1,1,名詞,一般,*,*,*,*,1ヶ月,イッカゲツ,イッカゲツ,いっかげつ
1万2千円,-1,-1,1,名詞,一般,*,*,*,*,1万2千円,イチマンニセンエン,イチマンニセンエン,いちまんにせんえん
1万人,-1,-1,1,名詞,一般,*,*,*,*,1万人,イチマンニン,イチマンニン,いちまんにん
1万円,-1,-1,1,名詞,一般,*,*,*,*,1万円,イチマンエン,イチマンエン,いちまんえん
1人,-1,-1,1,名詞,一般,*,*,*,*,1人,ヒトリ,ヒトリ,ひとり
1体,-1,-1,1,名詞,一般,*,*,*,*,1体,イッタイ,イッタイ,いったい
1個,-1,-1,1,名詞,一般,*,*,*,*,1個,イッコ,イッコ,いっこ
1個目,-1,-1,1,名詞,一般,*,*,*,*,1個目,イッコメ,イッコメ,いっこめ
1分,-1,-1,1,名詞,一般,*,*,*,*,1分,イップン,イップン,いっぷん
1千万円,-1,-1,1,名詞,一般,*,*,*,*,1千万円,イッセンマンエン,イッセンマンエン,いっせんまんえん
1回,-1,-1,1,名詞,一般,*,*,*,*,1回,イッカイ,イッカイ,いっかい
1地点,-1,-1,1,名詞,一般,*,*,*,*,1地点,イチチテン,イチチテン,いちちてん
1対1,-1,-1,1,名詞,一般,*,*,*,*,1対1,イチタイイチ,イチタイイチ,いちたいいち
1年,-1,-1,1,名詞,一般,*,*,*,*,1年,イチネン,イチネン,いちねん
1年半,-1,-1,1,名詞,一般,*,*,*,*,1年半,イチネンハン,イチネンハン,いちねんはん
1年後,-1,-1,1,名詞,一般,*,*,*,*,1年後,イチネンゴ,イチネンゴ,いちねんご
1年間,-1,-1,1,名詞,一般,*,*,*,*,1年間,イチネンカン,イチネンカン,いちねんかん
1度,-1,-1,1,名詞,一般,*,*,*,*,1度,イチド,イチド,いちど
1日,-1,-1,1,名詞,一般,*,*,*,*,1日,イチニチ,イチニチ,いちにち
1時半,-1,-1,1,名詞,一般,*,*,*,*,1時半,イチジハン,イチジハン,いちじはん
1時間,-1,-1,1,名詞,一般,*,*,*,*,1時間,イチジカン,イチジカン,いちじかん
1時間目,-1,-1,1,名詞,一般,*,*,*,*,1時間目,イチジカンメ,イチジカンメ,いちじかんめ
1月,-1,-1,1,名詞,一般,*,*,*,*,1月,イチガツ,イチガツ,いちがつ
1本,-1,-1,1,名詞,一般,*,*,*,*,1本,イッポン,イッポン,いっぽん
1枚,-1,-1,1,名詞,一般,*,*,*,*,1枚,イチマイ,イチマイ,いちまい
1枚目,-1,-1,1,名詞,一般,*,*,*,*,1枚目,イチマイメ,イチマイメ,いちまいめ
1番目,-1,-1,1,名詞,一般,*,*,*,*,1番目,イチバンメ,イチバンメ,いちばんめ
1番線,-1,-1,1,名詞,一般,*,*,*,*,1番線,イチバンセン,イチバンセン,いちばんせん
1秒,-1,-1,1,名詞,一般,*,*,*,*,1秒,イチビョウ,イチビョウ,いちびょう
1章,-1,-1,1,名詞,一般,*,*,*,*,1章,イチショウ,イチショウ,いちしょう
1羽,-1,-1,1,名詞,一般,*,*,*,*,1羽,イチワ,イチワ,いちわ
1行,-1,-1,1,名詞,一般,*,*,*,*,1行,イチギョウ,イチギョウ,いちぎょう
1行目,-1,-1,1,名詞,一般,*,*,*,*,1行目,イチギョウメ,イチギョウメ,いちぎょうめ
1週間,-1,-1,1,名詞,一般,*,*,*,*,1週間,イッシュウカン,イッシュウカン,いっしゅうかん
1週間分,-1,-1,1,名詞,一般,*,*,*,*,1週間分,イッシュウカンブン,イッシュウカンブン,いっしゅうかんぶん
1週間後,-1,-1,1,名詞,一般,*,*,*,*,1週間後,イッシュウカンゴ,イッシュウカンゴ,いっしゅうかんご
1階,-1,-1,1,名詞,一般,*,*,*,*,1階,イッカイ,イッカイ,いっかい
2,-1,-1,1,名詞,一般,*,*,*,*,2,ニ,ニ,に
2%,-1,-1,1,名詞,一般,*,*,*,*,2%,ニパーセント,ニパーセント,にパーセント
20,-1,-1,1,名詞,一般,*,*,*,*,20,ニジュウ,ニジュウ,にじゅう
200,-1,-1,1,名詞,一般,*,*,*,*,200,ニヒャク,ニヒャク,にひゃく
2001年,-1,-1,1,名詞,一般,*,*,*,*,2001年,ニセンイチネン,ニセンイチネン,にせんいちねん
2002年,-1,-1,1,名詞,一般,*,*,*,*,2002年,ニセンニネン,ニセンニネン,にせんにねん
2003年,-1,-1,1,名詞,一般,*,*,*,*,2003年,ニセンサンネン,ニセンサンネン,にせんさんねん
2005年,-1,-1,1,名詞,一般,*,*,*,*,2005年,ニセンゴネン,ニセンゴネン,にせんごねん
200万,-1,-1,1,名詞,一般,*,*,*,*,200万,ニヒャクマン,ニヒャクマン,にひゃくまん
200人,-1,-1,1,名詞,一般,*,*,*,*,200人,ニヒャクニン,ニヒャクニン,にひゃくにん
2010年,-1,-1,1,名詞,一般,*,*,*,*,2010年,ニセンジュウネン,ニセンジュウネン,にせんじゅうねん
2011年,-1,-1,1,名詞,一般,*,*,*,*,2011年,ニセンジュウイチネン,ニセンジュウイチネン,にせんじゅういちねん
2012,-1,-1,1,名詞,一般,*,*,*,*,2012,ニセンジュウニ,ニセンジュウニ,にせんじゅうに
2012年,-1,-1,1,名詞,一般,*,*,*,*,2012年,ニセンジュウニネン,ニセンジュウニネン,にせんじゅうにねん
2013年,-1,-1,1,名詞,一般,*,*,*,*,2013年,ニセンジュウサンネン,ニセンジュウサンネン,にせんじゅうさんねん
2014年,-1,-1,1,名詞,一般,*,*,*,*,2014年,ニセンジュウヨンネン,ニセンジュウヨンネン,にせんじゅうよんねん
20キロ,-1,-1,1,名詞,一般,*,*,*,*,20キロ,ニジュウキロ,ニジュウキロ,にじゅうきろ
20万円,-1,-1,1,名詞,一般,*,*,*,*,20万円,ニジュウマンエン,ニジュウマンエン,にじゅうまんえん
20人,-1,-1,1,名詞,一般,*,*,*,*,20人,ニジュウニン,ニジュウニン,にじゅうにん
20日,-1,-1,1,名詞,一般,*,*,*,*,20日,ハツカ,ハツカ,はつか
20歳,-1,-1,1,名詞,一般,*,*,*,*,20歳,ハタチ,ハタチ,はたち
21日,-1,-1,1,名詞,一般,*,*,*,*,21日,ニジュウイチニチ,ニジュウイチニチ,にじゅういちにち
21歳,-1,-1,1,名詞,一般,*,*,*,*,21歳,ニジュウイッサイ,ニジュウイッサイ,にじゅういっさい
22歳,-1,-1,1,名詞,一般,*,*,*,*,22歳,ニジュウニサイ,ニジュウニサイ,にじゅうにさい
23分前,-1,-1,1,名詞,一般,*,*,*,*,23分前,ニジュウサンプンマエ,ニジュウサンプンマエ,にじゅうさんぷんまえ
23日,-1,-1,1,名詞,一般,*,*,*,*,23日,ニジュウサンニチ,ニジュウサンニチ,にじゅうさんにち
24日,-1,-1,1,名詞,一般,*,*,*,*,24日,ニジュウヨッカ,ニジュウヨッカ,にじゅうよっか
24本,-1,-1,1,名詞,一般,*,*,*,*,24本,ニジュウヨンホン,ニジュウヨンホン,にじゅうよんほん
25,-1,-1,1,名詞,一般,*,*,*,*,25,ニジュウゴ,ニジュウゴ,にじゅうご
2500円,-1,-1,1,名詞,一般,*,*,*,*,2500円,ニセンゴヒャクエン,ニセンゴヒャクエン,にせんごひゃくえん
25分,-1,-1,1,名詞,一般,*,*,*,*,25分,ニジュウゴフン,ニジュウゴフン,にじゅうごふん
25日,-1,-1,1,名詞,一般,*,*,*,*,25日,ニジュウゴニチ,ニジュウゴニチ,にじゅうごにち
25歳,-1,-1,1,名詞,一般,*,*,*,*,25歳,ニジュウゴサイ,ニジュウゴサイ,にじゅうごさい
26,-1,-1,1,名詞,一般,*,*,*,*,26,ニジュウロク,ニジュウロク,にじゅうろく
26字,-1,-1,1,名詞,一般,*,*,*,*,26字,ニジュウロクジ,ニジュウロクジ,にじゅうろくじ
27,-1,-1,1,名詞,一般,*,*,*,*,27,ニジュウナナ,ニジュウナナ,にじゅうなな
275,-1,-1,1,名詞,一般,*,*,*,*,275,ニヒャクナナジュウゴ,ニヒャクナナジュウゴ,にひゃくななじゅうご
27日,-1,-1,1,名詞,一般,*,*,*,*,27日,ニジュウシチニチ,ニジュウシチニチ,にじゅうしちにち
27点,-1,-1,1,名詞,一般,*,*,*,*,27点,ニジュウナナテン,ニジュウナナテン,にじゅうななてん
280,-1,-1,1,名詞,一般,*,*,*,*,280,ニヒャクハチジュウ,ニヒャクハチジュウ,にひゃくはちじゅう
28日,-1,-1,1,名詞,一般,*,*,*,*,28日,ニジュウハチニチ,ニジュウハチニチ,にじゅうはちにち
29日,-1,-1,1,名詞,一般,*,*,*,*,29日,ニジュウキュウニチ,ニジュウキュウニチ,にじゅうきゅうにち
2かい,-1,-1,1,名詞,一般,*,*,*,*,2かい,ニカイ,ニカイ,にかい
2か月,-1,-1,1,名詞,一般,*,*,*,*,2か月,ニカゲツ,ニカゲツ,にかげつ
2つ,-1,-1,1,名詞,一般,*,*,*,*,2つ,フタツ,フタツ,ふたつ
2マイル,-1,-1,1,名詞,一般,*,*,*,*,2マイル,ニマイル,ニマイル,にマイル
2ヶ月,-1,-1,1,名詞,一般,*,*,*,*,2ヶ月,ニカゲツ,ニカゲツ,にかげつ
2万人,-1,-1,1,名詞,一般,*,*,*,*,2万人,ニマンニン,ニマンニン,にまんにん
2人,-1,-1,1,名詞,一般,*,*,*,*,2人,フタリ,フタリ,ふたり
2個,-1,-1,1,名詞,一般,*,*,*,*,2個,ニコ,ニコ,にこ
2個目,-1,-1,1,名詞,一般,*,*,*,*,2個目,ニコメ,ニコメ,にこめ
2倍,-1,-1,1,名詞,一般,*,*,*,*,2倍,ニバイ,ニバイ,にばい
2匹,-1,-1,1,名詞,一般,*,*,*,*,2匹,ニヒキ,ニヒキ,にひき
2千,-1,-1,1,名詞,一般,*,*,*,*,2千,ニセン,ニセン,にせん
2名,-1,-1,1,名詞,一般,*,*,*,*,2名,ニメイ,ニメイ,にめい
2名様,-1,-1,1,名詞,一般,*,*,*,*,2名様,ニメイサマ,ニメイサマ,にめいさま
2回,-1,-1,1,名詞,一般,*,*,*,*,2回,ニカイ,ニカイ,にかい
2年,-1,-1,1,名詞,一般,*,*,*,*,2年,ニネン,ニネン,にねん
2年後,-1,-1,1,名詞,一般,*,*,*,*,2年後,ニネンゴ,ニネンゴ,にねんご
2年生,-1,-1,1,名詞,一般,*,*,*,*,2年生,ニネンセイ,ニネンセイ,にねんせい
2度,-1,-1,1,名詞,一般,*,*,*,*,2度,ニド,ニド,にど
2才,-1,-1,1,名詞,一般,*,*,*,*,2才,ニサイ,ニサイ,にさい
2日,-1,-1,1,名詞,一般,*,*,*,*,2日,フツカ,フツカ,ふつか
2日目,-1,-1,1,名詞,一般,*,*,*,*,2日目,フツカメ,フツカメ,ふつかめ
2時間,-1,-1,1,名詞,一般,*,*,*,*,2時間,ニジカン,ニジカン,にじかん
2月,-1,-1,1,名詞,一般,*,*,*,*,2月,ニガツ,ニガツ,にがつ
2本,-1,-1,1,名詞,一般,*,*,*,*,2本,ニホン,ニホン,にほん
2杯目,-1,-1,1,名詞,一般,*,*,*,*,2杯目,ニパイメ,ニパイメ,にぱいめ
2枚,-1,-1,1,名詞,一般,*,*,*,*,2枚,ニマイ,ニマイ,にまい
2枚目,-1,-1,1,名詞,一般,*,*,*,*,2枚目,ニマイメ,ニマイメ,にまいめ
2歳,-1,-1,1,名詞,一般,*,*,*,*,2歳,ニサイ,ニサイ,にさい
2点,-1,-1,1,名詞,一般,*,*,*,*,2点,ニテン,ニテン,にてん
2番目,-1,-1,1,名詞,一般,*,*,*,*,2番目,ニバンメ,ニバンメ,にばんめ
2番線,-1,-1,1,名詞,一般,*,*,*,*,2番線,ニバンセン,ニバンセン,にばんせん
2種類,-1,-1,1,名詞,一般,*,*,*,*,2種類,ニシュルイ,ニシュルイ,にしゅるい
2行目,-1,-1,1,名詞,一般,*,*,*,*,2行目,ニギョウメ,ニギョウメ,にぎょうめ
2週間,-1,-1,1,名詞,一般,*,*,*,*,2週間,ニシュウカン,ニシュウカン,にしゅうかん
2階,-1,-1,1,名詞,一般,*,*,*,*,2階,ニカイ,ニカイ,にかい
3,-1,-1,1,名詞,一般,*,*,*,*,3,サン,サン,さん
30%,-1,-1,1,名詞,一般,*,*,*,*,30%,サンジュウパーセント,サンジュウパーセント,さんじゅうパーセント
300,-1,-1,1,名詞,一般,*,*,*,*,300,サンビャク,サンビャク,さんびゃく
3000,-1,-1,1,名詞,一般,*,*,*,*,3000,サンゼン,サンゼン,さんぜん
300人,-1,-1,1,名詞,一般,*,*,*,*,300人,サンビャクニン,サンビャクニン,さんびゃくにん
30万円,-1,-1,1,名詞,一般,*,*,*,*,30万円,サンジュウマンエン,サンジュウマンエン,さんじゅうまんえん
30人,-1,-1,1,名詞,一般,*,*,*,*,30人,サンジュウニン,サンジュウニン,さんじゅうにん
30円,-1,-1,1,名詞,一般,*,*,*,*,30円,サンジュウエン,サンジュウエン,さんじゅうえん
30分,-1,-1,1,名詞,一般,*,*,*,*,30分,サンジュップン,サンジュップン,さんじゅっぷん
30日,-1,-1,1,名詞,一般,*,*,*,*,30日,サンジュウニチ,サンジュウニチ,さんじゅうにち
30枚,-1,-1,1,名詞,一般,*,*,*,*,30枚,サンジュウマイ,サンジュウマイ,さんじゅうまい
30秒,-1,-1,1,名詞,一般,*,*,*,*,30秒,サンジュウビョウ,サンジュウビョウ,さんじゅうびょう
31日,-1,-1,1,名詞,一般,*,*,*,*,31日,サンジュウイチニチ,サンジュウイチニチ,さんじゅういちにち
33歳,-1,-1,1,名詞,一般,*,*,*,*,33歳,サンジュウサンサイ,サンジュウサンサイ,さんじゅうさんさい
3500円,-1,-1,1,名詞,一般,*,*,*,*,3500円,サンゼンゴヒャクエン,サンゼンゴヒャクエン,さんぜんごひゃくえん
35歳,-1,-1,1,名詞,一般,*,*,*,*,35歳,サンジュウゴサイ,サンジュウゴサイ,さんじゅうごさい
36時間,-1,-1,1,名詞,一般,*,*,*,*,36時間,サンジュウロクジカン,サンジュウロクジカン,さんじゅうろくじかん
36歳,-1,-1,1,名詞,一般,*,*,*,*,36歳,サンジュウロクサイ,サンジュウロクサイ,さんじゅうろくさい
3つ,-1,-1,1,名詞,一般,*,*,*,*,3つ,ミッツ,ミッツ,みっつ
3万円,-1,-1,1,名詞,一般,*,*,*,*,3万円,サンマンエン,サンマンエン,さんまんえん
3人,-1,-1,1,名詞,一般,*,*,*,*,3人,サンニン,サンニン,さんにん
3個,-1,-1,1,名詞,一般,*,*,*,*,3個,サンコ,サンコ,さんこ
3冊,-1,-1,1,名詞,一般,*,*,*,*,3冊,サンサツ,サンサツ,さんさつ
3分,-1,-1,1,名詞,一般,*,*,*,*,3分,サンプン,サンプン,さんぷん
3台,-1,-1,1,名詞,一般,*,*,*,*,3台,サンダイ,サンダイ,さんだい
3号,-1,-1,1,名詞,一般,*,*,*,*,3号,サンゴウ,サンゴウ,さんごう
3回,-1,-1,1,名詞,一般,*,*,*,*,3回,サンカイ,サンカイ,さんかい
3巻,-1,-1,1,名詞,一般,*,*,*,*,3巻,サンカン,サンカン,さんかん
3年,-1,-1,1,名詞,一般,*,*,*,*,3年,サンネン,サンネン,さんねん
3年前,-1,-1,1,名詞,一般,*,*,*,*,3年前,サンネンマエ,サンネンマエ,さんねんまえ
3度,-1,-1,1,名詞,一般,*,*,*,*,3度,サンド,サンド,さんど
3日,-1,-1,1,名詞,一般,*,*,*,*,3日,ミッカ,ミッカ,みっか
3日分,-1,-1,1,名詞,一般,*,*,*,*,3日分,ミッカブン,ミッカブン,みっかぶん
3日間,-1,-1,1,名詞,一般,*,*,*,*,3日間,ミッカカン,ミッカカン,みっかかん
3時,-1,-1,1,名詞,一般,*,*,*,*,3時,サンジ,サンジ,さんじ
3時間,-1,-1,1,名詞,一般,*,*,*,*,3時間,サンジカン,サンジカン,さんじかん
3時間後,-1,-1,1,名詞,一般,*,*,*,*,3時間後,サンジカンゴ,サンジカンゴ,さんじかんご
3月,-1,-1,1,名詞,一般,*,*,*,*,3月,サンガツ,サンガツ,さんがつ
3枚,-1,-1,1,名詞,一般,*,*,*,*,3枚,サンマイ,サンマイ,さんまい
3枚目,-1,-1,1,名詞,一般,*,*,*,*,3枚目,サンマイメ,サンマイメ,さんまいめ
3歩,-1,-1,1,名詞,一般,*,*,*,*,3歩,サンポ,サンポ,さんぽ
3歳,-1,-1,1,名詞,一般,*,*,*,*,3歳,サンサイ,サンサイ,さんさい
3点,-1,-1,1,名詞,一般,*,*,*,*,3点,サンテン,サンテン,さんてん
3番,-1,-1,1,名詞,一般,*,*,*,*,3番,サンバン,サンバン,さんばん
3百,-1,-1,1,名詞,一般,*,*,*,*,3百,サンビャク,サンビャク,さんびゃく
3秒,-1,-1,1,名詞,一般,*,*,*,*,3秒,サンビョウ,サンビョウ,さんびょう
3種類,-1,-1,1,名詞,一般,*,*,*,*,3種類,サンシュルイ,サンシュルイ,さんしゅるい
3羽,-1,-1,1,名詞,一般,*,*,*,*,3羽,サンワ,サンワ,さんわ
3行,-1,-1,1,名詞,一般,*,*,*,*,3行,サンギョウ,サンギョウ,さんぎょう
3語,-1,-1,1,名詞,一般,*,*,*,*,3語,サンゴ,サンゴ,さんご
4,-1,-1,1,名詞,一般,*,*,*,*,4,シ,シ,し
40年,-1,-1,1,名詞,一般,*,*,*,*,40年,ヨンジュウネン,ヨンジュウネン,よんじゅうねん
40枚,-1,-1,1,名詞,一般,*,*,*,*,40枚,ヨンジュウマイ,ヨンジュウマイ,よんじゅうまい
40歳,-1,-1,1,名詞,一般,*,*,*,*,40歳,ヨンジュッサイ,ヨンジュッサイ,よんじゅっさい
40行,-1,-1,1,名詞,一般,*,*,*,*,40行,ヨンジュウギョウ,ヨンジュウギョウ,よんじゅうぎょう
4880,-1,-1,1,名詞,一般,*,*,*,*,4880,ヨンセンハッピャクハチジュウ,ヨンセンハッピャクハチジュウ,よんせんはっぴゃくはちじゅう
4つ,-1,-1,1,名詞,一般,*,*,*,*,4つ,ヨッツ,ヨッツ,よっつ
4人,-1,-1,1,名詞,一般,*,*,*,*,4人,ヨニン,ヨニン,よにん
4回,-1,-1,1,名詞,一般,*,*,*,*,4回,ヨンカイ,ヨンカイ,よんかい
4年,-1,-1,1,名詞,一般,*,*,*,*,4年,シネン,シネン,しねん
4日,-1,-1,1,名詞,一般,*,*,*,*,4日,ヨッカ,ヨッカ,よっか
4時,-1,-1,1,名詞,一般,*,*,*,*,4時,ヨジ,ヨジ,よじ
4時半,-1,-1,1,名詞,一般,*,*,*,*,4時半,ヨジハン,ヨジハン,よじはん
4月,-1,-1,1,名詞,一般,*,*,*,*,4月,シガツ,シガツ,しがつ
4枚,-1,-1,1,名詞,一般,*,*,*,*,4枚,シマイ,シマイ,しまい
5,-1,-1,1,名詞,一般,*,*,*,*,5,ゴ,ゴ,ご
50,-1,-1,1,名詞,一般,*,*,*,*,50,ゴジュウ,ゴジュウ,ごじゅう
500,-1,-1,1,名詞,一般,*,*,*,*,500,ゴヒャク,ゴヒャク,ごひゃく
5000,-1,-1,1,名詞,一般,*,*,*,*,5000,ゴセン,ゴセン,ごせん
500万円,-1,-1,1,名詞,一般,*,*,*,*,500万円,ゴヒャクマンエン,ゴヒャクマンエン,ごひゃくまんえん
500円,-1,-1,1,名詞,一般,*,*,*,*,500円,ゴヒャクエン,ゴヒャクエン,ごひゃくえん
500行,-1,-1,1,名詞,一般,*,*,*,*,500行,ゴヒャクギョウ,ゴヒャクギョウ,ごひゃくぎょう
50人,-1,-1,1,名詞,一般,*,*,*,*,50人,ゴジュウニン,ゴジュウニン,ごじゅうにん
50枚,-1,-1,1,名詞,一般,*,*,*,*,50枚,ゴジュウマイ,ゴジュウマイ,ごじゅうまい
50音,-1,-1,1,名詞,一般,*,*,*,*,50音,ゴジュウオン,ゴジュウオン,ごじゅうおん
585G4S,-1,-1,1,名詞,一般,*,*,*,*,585G4S,ゴーハチゴージーヨンエス,ゴーハチゴージーヨンエス,ゴーハチゴージーヨンエス
5か月,-1,-1,1,名詞,一般,*,*,*,*,5か月,ゴカゲツ,ゴカゲツ,ごかげつ
5つ,-1,-1,1,名詞,一般,*,*,*,*,5つ,イツツ,イツツ,いつつ
5万,-1,-1,1,名詞,一般,*,*,*,*,5万,ゴマン,ゴマン,ごまん
5万円,-1,-1,1,名詞,一般,*,*,*,*,5万円,ゴマンエン,ゴマンエン,ごまんえん
5人,-1,-1,1,名詞,一般,*,*,*,*,5人,ゴニン,ゴニン,ごにん
5冊,-1,-1,1,名詞,一般,*,*,*,*,5冊,ゴサツ,ゴサツ,ごさつ
5分,-1,-1,1,名詞,一般,*,*,*,*,5分,ゴフン,ゴフン,ごふん
5千円,-1,-1,1,名詞,一般,*,*,*,*,5千円,ゴセンエン,ゴセンエン,ごせんえん
5回,-1,-1,1,名詞,一般,*,*,*,*,5回,ゴカイ,ゴカイ,ごかい
5年,-1,-1,1,名詞,一般,*,*,*,*,5年,ゴネン,ゴネン,ごねん
5年前,-1,-1,1,名詞,一般,*,*,*,*,5年前,ゴネンマエ,ゴネンマエ,ごねんまえ
5年間,-1,-1,1,名詞,一般,*,*,*,*,5年間,ゴネンカン,ゴネンカン,ごねんかん
5日,-1,-1,1,名詞,一般,*,*,*,*,5日,イツカ,イツカ,いつか
5時,-1,-1,1,名詞,一般,*,*,*,*,5時,ゴジ,ゴジ,ごじ
5時頃,-1,-1,1,名詞,一般,*,*,*,*,5時頃,ゴジゴロ,ゴジゴロ,ごじごろ
5月,-1,-1,1,名詞,一般,*,*,*,*,5月,ゴガツ,ゴガツ,ごがつ
5歳,-1,-1,1,名詞,一般,*,*,*,*,5歳,ゴサイ,ゴサイ,ごさい
5点,-1,-1,1,名詞,一般,*,*,*,*,5点,ゴテン,ゴテン,ごてん
5秒,-1,-1,1,名詞,一般,*,*,*,*,5秒,ゴビョウ,ゴビョウ,ごびょう
5種類,-1,-1,1,名詞,一般,*,*,*,*,5種類,ゴシュルイ,ゴシュルイ,ごしゅるい
5章,-1,-1,1,名詞,一般,*,*,*,*,5章,ゴショウ,ゴショウ,ごしょう
5行,-1,-1,1,名詞,一般,*,*,*,*,5行,ゴギョウ,ゴギョウ,ごぎょう
6,-1,-1,1,名詞,一般,*,*,*,*,6,ロク,ロク,ろく
600,-1,-1,1,名詞,一般,*,*,*,*,600,ロッピャク,ロッピャク,ろっぴゃく
6000,-1,-1,1,名詞,一般,*,*,*,*,6000,ロクセン,ロクセン,ろくせん
60キロ,-1,-1,1,名詞,一般,*,*,*,*,60キロ,ロクジュウキロ,ロクジュウキロ,ろくじゅうキロ
60歳,-1,-1,1,名詞,一般,*,*,*,*,60歳,ロクジュウサイ,ロクジュウサイ,ろくじゅうさい
60点,-1,-1,1,名詞,一般,*,*,*,*,60点,ロクジュウテン,ロクジュウテン,ろくじゅうてん
69番,-1,-1,1,名詞,一般,*,*,*,*,69番,ロクジュウキュウバン,ロクジュウキュウバン,ろくじゅうきゅうばん
6つ,-1,-1,1,名詞,一般,*,*,*,*,6つ,ムッツ,ムッツ,むっつ
6ヵ月,-1,-1,1,名詞,一般,*,*,*,*,6ヵ月,ロクカゲツ,ロクカゲツ,ろくかげつ
6人,-1,-1,1,名詞,一般,*,*,*,*,6人,ロクニン,ロクニン,ろくにん
6日,-1,-1,1,名詞,一般,*,*,*,*,6日,ムイカ,ムイカ,むいか
6時,-1,-1,1,名詞,一般,*,*,*,*,6時,ロクジ,ロクジ,ろくじ
6月,-1,-1,1,名詞,一般,*,*,*,*,6月,ロクガツ,ロクガツ,ろくがつ
7,-1,-1,1,名詞,一般,*,*,*,*,7,ナナ,ナナ,なな
70,-1,-1,1,名詞,一般,*,*,*,*,70,シチジュウ,シチジュウ,しちじゅう
700円,-1,-1,1,名詞,一般,*,*,*,*,700円,ナナヒャクエン,ナナヒャクエン,ななひゃくえん
70歳,-1,-1,1,名詞,一般,*,*,*,*,70歳,ナナジュッサイ,ナナジュッサイ,ななじゅっさい
70番,-1,-1,1,名詞,一般,*,*,*,*,70番,ナナジュウバン,ナナジュウバン,ななじゅうばん
7がつ,-1,-1,1,名詞,一般,*,*,*,*,7がつ,シチガツ,シチガツ,しちがつ
7つ,-1,-1,1,名詞,一般,*,*,*,*,7つ,ナナツ,ナナツ,ななつ
7年前,-1,-1,1,名詞,一般,*,*,*,*,7年前,ナナネンマエ,ナナネンマエ,ななねんまえ
7日,-1,-1,1,名詞,一般,*,*,*,*,7日,ナノカ,ナノカ,なのか
7日目,-1,-1,1,名詞,一般,*,*,*,*,7日目,ナノカメ,ナノカメ,なのかめ
7時,-1,-1,1,名詞,一般,*,*,*,*,7時,ナナジ,ナナジ,ななじ
7時5分,-1,-1,1,名詞,一般,*,*,*,*,7時5分,シチジゴフン,シチジゴフン,しちじごふん
7月,-1,-1,1,名詞,一般,*,*,*,*,7月,シチガツ,シチガツ,しちがつ
7枚,-1,-1,1,名詞,一般,*,*,*,*,7枚,ナナマイ,ナナマイ,ななまい
7番,-1,-1,1,名詞,一般,*,*,*,*,7番,ナナバン,ナナバン,ななばん
7章,-1,-1,1,名詞,一般,*,*,*,*,7章,ナナショウ,ナナショウ,ななしょう
7行目,-1,-1,1,名詞,一般,*,*,*,*,7行目,ナナギョウメ,ナナギョウメ,ななぎょうめ
80,-1,-1,1,名詞,一般,*,*,*,*,80,ハチジュウ,ハチジュウ,はちじゅう
80点,-1,-1,1,名詞,一般,*,*,*,*,80点,ハチジュウテン,ハチジュウテン,はちじゅうてん
85,-1,-1,1,名詞,一般,*,*,*,*,85,ハチジュウゴ,ハチジュウゴ,はちじゅうご
8か月,-1,-1,1,名詞,一般,*,*,*,*,8か月,ハチカゲツ,ハチカゲツ,はちかげつ
8つ,-1,-1,1,名詞,一般,*,*,*,*,8つ,ヤッツ,ヤッツ,やっつ
8ひき,-1,-1,1,名詞,一般,*,*,*,*,8ひき,ハチヒキ,ハチヒキ,はちひき
8万円,-1,-1,1,名詞,一般,*,*,*,*,8万円,ハチマンエン,ハチマンエン,はちまんえん
8人,-1,-1,1,名詞,一般,*,*,*,*,8人,ハチニン,ハチニン,はちにん
8個,-1,-1,1,名詞,一般,*,*,*,*,8個,ハッコ,ハッコ,はっこ
8号,-1,-1,1,名詞,一般,*,*,*,*,8号,ハチゴウ,ハチゴウ,はちごう
8回,-1,-1,1,名詞,一般,*,*,*,*,8回,ハッカイ,ハッカイ,はっかい
8戦,-1,-1,1,名詞,一般,*,*,*,*,8戦,ハチセン,ハチセン,はちせん
8日,-1,-1,1,名詞,一般,*,*,*,*,8日,ヨウカ,ヨウカ,ようか
8時,-1,-1,1,名詞,一般,*,*,*,*,8時,ハチジ,ハチジ,はちじ
8時半,-1,-1,1,名詞,一般,*,*,*,*,8時半,ハチジハン,ハチジハン,はちじはん
8時間,-1,-1,1,名詞,一般,*,*,*,*,8時間,ハチジカン,ハチジカン,はちじかん
8月,-1,-1,1,名詞,一般,*,*,*,*,8月,ハチガツ,ハチガツ,はちがつ
9,-1,-1,1,名詞,一般,*,*,*,*,9,キュウ,キュウ,きゅう
93番,-1,-1,1,名詞,一般,*,*,*,*,93番,キュウジュウサンバン,キュウジュウサンバン,きゅうじゅうさんばん
9ヶ月,-1,-1,1,名詞,一般,*,*,*,*,9ヶ月,キュウカゲツ,キュウカゲツ,きゅうかげつ
9作目,-1,-1,1,名詞,一般,*,*,*,*,9作目,キュウサクメ,キュウサクメ,きゅうさくめ
9時,-1,-1,1,名詞,一般,*,*,*,*,9時,クジ,クジ,くじ
9時間,-1,-1,1,名詞,一般,*,*,*,*,9時間,クジカン,クジカン,くじかん
9月,-1,-1,1,名詞,一般,*,*,*,*,9月,クガツ,クガツ,くがつ
9番目,-1,-1,1,名詞,一般,*,*,*,*,9番目,キュウバンメ,キュウバンメ,きゅうばんめ
一,-1,-1,1,名詞,一般,*,*,*,*,一,イチ,イチ,いち
一つ,-1,-1,1,名詞,一般,*,*,*,*,一つ,ヒトツ,ヒトツ,ひとつ
一つ一つ,-1,-1,1,名詞,一般,*,*,*,*,一つ一つ,ヒトツヒトツ,ヒトツヒトツ,ひとつひとつ
一ヶ所,-1,-1,1,名詞,一般,*,*,*,*,一ヶ所,イッカショ,イッカショ,いっかしょ
一ヶ月,-1,-1,1,名詞,一般,*,*,*,*,一ヶ月,イッカゲツ,イッカゲツ,いっかげつ
一ヶ月後,-1,-1,1,名詞,一般,*,*,*,*,一ヶ月後,イッカゲツゴ,イッカゲツゴ,いっかげつご
一人,-1,-1,1,名詞,一般,*,*,*,*,一人,ヒトリ,ヒトリ,ひとり
一人一人,-1,-1,1,名詞,一般,*,*,*,*,一人一人,ヒトリヒトリ,ヒトリヒトリ,ひとりひとり
一体,-1,-1,1,名詞,一般,*,*,*,*,一体,イッタイ,イッタイ,いったい
一例,-1,-1,1,名詞,一般,*,*,*,*,一例,イチレイ,イチレイ,いちれい
一個,-1,-1,1,名詞,一般,*,*,*,*,一個,イッコ,イッコ,いっこ
一冊,-1,-1,1,名詞,一般,*,*,*,*,一冊,イッサツ,イッサツ,いっさつ
一分,-1,-1,1,名詞,一般,*,*,*,*,一分,イップン,イップン,いっぷん
一分間,-1,-1,1,名詞,一般,*,*,*,*,一分間,イップンカン,イップンカン,いっぷんかん
一匹,-1,-1,1,名詞,一般,*,*,*,*,一匹,イッピキ,イッピキ,いっぴき
一回,-1,-1,1,名詞,一般,*,*,*,*,一回,イッカイ,イッカイ,いっかい
一回目,-1,-1,1,名詞,一般,*,*,*,*,一回目,イッカイメ,イッカイメ,いっかいめ
一定,-1,-1,1,名詞,一般,*,*,*,*,一定,イッテイ,イッテイ,いってい
一寸,-1,-1,1,名詞,一般,*,*,*,*,一寸,チョット,チョット,ちょっと
一対一,-1,-1,1,名詞,一般,*,*,*,*,一対一,イチタイイチ,イチタイイチ,いちたいいち
一巻,-1,-1,1,名詞,一般,*,*,*,*,一巻,イッカン,イッカン,いっかん
一年,-1,-1,1,名詞,一般,*,*,*,*,一年,イチネン,イチネン,いちねん
一年上,-1,-1,1,名詞,一般,*,*,*,*,一年上,イチトシウエ,イチトシウエ,いちとしうえ
一年前,-1,-1,1,名詞,一般,*,*,*,*,一年前,イチネンマエ,イチネンマエ,いちねんまえ
一年生,-1,-1,1,名詞,一般,*,*,*,*,一年生,イチネンセイ,イチネンセイ,いちねんせい
一年間,-1,-1,1,名詞,一般,*,*,*,*,一年間,イチネンカン,イチネンカン,いちねんかん
一度,-1,-1,1,名詞,一般,*,*,*,*,一度,イチド,イチド,いちど
一応,-1,-1,1,名詞,一般,*,*,*,*,一応,イチオウ,イチオウ,いちおう
一息,-1,-1,1,名詞,一般,*,*,*,*,一息,ヒトイキ,ヒトイキ,ひといき
一方,-1,-1,1,名詞,一般,*,*,*,*,一方,イッポウ,イッポウ,いっぽう
一日,-1,-1,1,名詞,一般,*,*,*,*,一日,イチニチ,イチニチ,いちにち
一日中,-1,-1,1,名詞,一般,*,*,*,*,一日中,イチニチジュウ,イチニチジュウ,いちにちじゅう
一日目,-1,-1,1,名詞,一般,*,*,*,*,一日目,イチニチメ,イチニチメ,いちにちめ
一旦,-1,-1,1,名詞,一般,*,*,*,*,一旦,イッタン,イッタン,いったん
一時,-1,-1,1,名詞,一般,*,*,*,*,一時,イチジ,イチジ,いちじ
一時的,-1,-1,1,名詞,一般,*,*,*,*,一時的,イチジテキ,イチジテキ,いちじてき
一時間,-1,-1,1,名詞,一般,*,*,*,*,一時間,イチジカン,イチジカン,いちじかん
一月,-1,-1,1,名詞,一般,*,*,*,*,一月,イチガツ,イチガツ,いちがつ
一本,-1,-1,1,名詞,一般,*,*,*,*,一本,イッポン,イッポン,いっぽん
一本調子,-1,-1,1,名詞,一般,*,*,*,*,一本調子,イッポンヂョウシ,イッポンヂョウシ,いっぽんぢょうし
一杯,-1,-1,1,名詞,一般,*,*,*,*,一杯,イッパイ,イッパイ,いっぱい
一枚,-1,-1,1,名詞,一般,*,*,*,*,一枚,イチマイ,イチマイ,いちまい
一次,-1,-1,1,名詞,一般,*,*,*,*,一次,イチジ,イチジ,いちじ
一歩,-1,-1,1,名詞,一般,*,*,*,*,一歩,イッポ,イッポ,いっぽ
一歳,-1,-1,1,名詞,一般,*,*,*,*,一歳,イッサイ,イッサイ,いっさい
一生懸命,-1,-1,1,名詞,一般,*,*,*,*,一生懸命,イッショウケンメイ,イッショウケンメイ,いっしょうけんめい
一番,-1,-1,1,名詞,一般,*,*,*,*,一番,イチバン,イチバン,いちばん
一番目,-1,-1,1,名詞,一般,*,*,*,*,一番目,イチバンメ,イチバンメ,いちばんめ
一発,-1,-1,1,名詞,一般,*,*,*,*,一発,イッパツ,イッパツ,いっぱつ
一目瞭然,-1,-1,1,名詞,一般,*,*,*,*,一目瞭然,イチモクリョウゼン,イチモクリョウゼン,いちもくりょうぜん
一瞬,-1,-1,1,名詞,一般,*,*,*,*,一瞬,イッシュン,イッシュン,いっしゅん
一秒,-1,-1,1,名詞,一般,*,*,*,*,一秒,イチビョウ,イチビョウ,いちびょう
一種,-1,-1,1,名詞,一般,*,*,*,*,一種,イッシュ,イッシュ,いっしゅ
一種類,-1,-1,1,名詞,一般,*,*,*,*,一種類,イッシュルイ,イッシュルイ,いっしゅるい
一緒,-1,-1,1,名詞,一般,*,*,*,*,一緒,イッショ,イッショ,いっしょ
一羽,-1,-1,1,名詞,一般,*,*,*,*,一羽,イチワ,イチワ,いちわ
一致,-1,-1,1,名詞,一般,*,*,*,*,一致,イッチ,イッチ,いっち
一般,-1,-1,1,名詞,一般,*,*,*,*,一般,イッパン,イッパン,いっぱん
一般に,-1,-1,1,名詞,一般,*,*,*,*,一般に,イッパンニ,イッパンニ,いっぱんに
一般的,-1,-1,1,名詞,一般,*,*,*,*,一般的,イッパンテキ,イッパンテキ,いっぱんてき
一行,-1,-1,1,名詞,一般,*,*,*,*,一行,イチギョウ,イチギョウ,いちぎょう
一覧,-1,-1,1,名詞,一般,*,*,*,*,一覧,イチラン,イチラン,いちらん
一角獣,-1,-1,1,名詞,一般,*,*,*,*,一角獣,イッカクジュウ,イッカクジュウ,いっかくじゅう
一読,-1,-1,1,名詞,一般,*,*,*,*,一読,イチドク,イチドク,いちどく
一通り,-1,-1,1,名詞,一般,*,*,*,*,一通り,ヒトトオリ,ヒトトオリ,ひととおり
一連,-1,-1,1,名詞,一般,*,*,*,*,一連,イチレン,イチレン,いちれん
一週間,-1,-1,1,名詞,一般,*,*,*,*,一週間,イッシュウカン,イッシュウカン,いっしゅうかん
一週間後,-1,-1,1,名詞,一般,*,*,*,*,一週間後,イッシュウカンゴ,イッシュウカンゴ,いっしゅうかんご
一部,-1,-1,1,名詞,一般,*,*,*,*,一部,イチブ,イチブ,いちぶ
一部分,-1,-1,1,名詞,一般,*,*,*,*,一部分,イチブブン,イチブブン,いちぶぶん
一階,-1,-1,1,名詞,一般,*,*,*,*,一階,イッカイ,イッカイ,いっかい
七つ,-1,-1,1,名詞,一般,*,*,*,*,七つ,ナナツ,ナナツ,ななつ
七ヶ所,-1,-1,1,名詞,一般,*,*,*,*,七ヶ所,ナナカショ,ナナカショ,ななかしょ
七ヶ月,-1,-1,1,名詞,一般,*,*,*,*,七ヶ月,ナナカゲツ,ナナカゲツ,ななかげつ
七一三番,-1,-1,1,名詞,一般,*,*,*,*,七一三番,シチイチサンバン,シチイチサンバン,しちいちさんばん
七不思議,-1,-1,1,名詞,一般,*,*,*,*,七不思議,ナナフシギ,ナナフシギ,ななふしぎ
七人,-1,-1,1,名詞,一般,*,*,*,*,七人,シチニン,シチニン,しちにん
七個,-1,-1,1,名詞,一般,*,*,*,*,七個,ナナコ,ナナコ,ななこ
七冊,-1,-1,1,名詞,一般,*,*,*,*,七冊,ナナサツ,ナナサツ,ななさつ
七分,-1,-1,1,名詞,一般,*,*,*,*,七分,ナナフン,ナナフン,ななふん
七匹,-1,-1,1,名詞,一般,*,*,*,*,七匹,ナナヒキ,ナナヒキ,ななひき
七千,-1,-1,1,名詞,一般,*,*,*,*,七千,ナナセン,ナナセン,ななせん
七味,-1,-1,1,名詞,一般,*,*,*,*,七味,シチミ,シチミ,しちみ
七回,-1,-1,1,名詞,一般,*,*,*,*,七回,ナナカイ,ナナカイ,ななかい
七回目,-1,-1,1,名詞,一般,*,*,*,*,七回目,ナナカイメ,ナナカイメ,ななかいめ
七日,-1,-1,1,名詞,一般,*,*,*,*,七日,ナノカ,ナノカ,なのか
七時,-1,-1,1,名詞,一般,*,*,*,*,七時,シチジ,シチジ,しちじ
七月,-1,-1,1,名詞,一般,*,*,*,*,七月,シチガツ,シチガツ,しちがつ
七本,-1,-1,1,名詞,一般,*,*,*,*,七本,ナナホン,ナナホン,ななほん
七枚,-1,-1,1,名詞,一般,*,*,*,*,七枚,ナナマイ,ナナマイ,ななまい
七歳,-1,-1,1,名詞,一般,*,*,*,*,七歳,ナナサイ,ナナサイ,ななさい
七百,-1,-1,1,名詞,一般,*,*,*,*,七百,ナナヒャク,ナナヒャク,ななひゃく
七秒,-1,-1,1,名詞,一般,*,*,*,*,七秒,ナナビョウ,ナナビョウ,ななびょう
七色,-1,-1,1,名詞,一般,*,*,*,*,七色,ナナイロ,ナナイロ,なないろ
七週間,-1,-1,1,名詞,一般,*,*,*,*,七週間,ナナシュウカン,ナナシュウカン,ななしゅうかん
七面鳥,-1,-1,1,名詞,一般,*,*,*,*,七面鳥,シチメンチョウ,シチメンチョウ,しちめんちょう
万歳,-1,-1,1,名詞,一般,*,*,*,*,万歳,バンザイ,バンザイ,ばんざい
万能,-1,-1,1,名詞,一般,*,*,*,*,万能,バンノウ,バンノウ,ばんのう
三,-1,-1,1,名詞,一般,*,*,*,*,三,サン,サン,さん
三つ,-1,-1,1,名詞,一般,*,*,*,*,三つ,ミッツ,ミッツ,みっつ
三カ月,-1,-1,1,名詞,一般,*,*,*,*,三カ月,サンカゲツ,サンカゲツ,さんかげつ
三キロ,-1,-1,1,名詞,一般,*,*,*,*,三キロ,サンキロ,サンキロ,さんキロ
三ヶ所,-1,-1,1,名詞,一般,*,*,*,*,三ヶ所,サンカショ,サンカショ,さんかしょ
三ヶ月,-1,-1,1,名詞,一般,*,*,*,*,三ヶ月,サンカゲツ,サンカゲツ,さんかげつ
三人,-1,-1,1,名詞,一般,*,*,*,*,三人,サンニン,サンニン,さんにん
三人目,-1,-1,1,名詞,一般,*,*,*,*,三人目,サンニンメ,サンニンメ,さんにんめ
三個,-1,-1,1,名詞,一般,*,*,*,*,三個,サンコ,サンコ,さんこ
三冊,-1,-1,1,名詞,一般,*,*,*,*,三冊,サンサツ,サンサツ,さんさつ
三分,-1,-1,1,名詞,一般,*,*,*,*,三分,サンプン,サンプン,さんぷん
三匹,-1,-1,1,名詞,一般,*,*,*,*,三匹,サンビキ,サンビキ,さんびき
三十一日,-1,-1,1,名詞,一般,*,*,*,*,三十一日,サンジュウイチニチ,サンジュウイチニチ,さんじゅういちにち
三十三ヶ月,-1,-1,1,名詞,一般,*,*,*,*,三十三ヶ月,サンジュウサンカゲツ,サンジュウサンカゲツ,さんじゅうさんかげつ
三十六,-1,-1,1,名詞,一般,*,*,*,*,三十六,サンジュウロク,サンジュウロク,さんじゅうろく
三十分,-1,-1,1,名詞,一般,*,*,*,*,三十分,サンジュップン,サンジュップン,さんじゅっぷん
三十日,-1,-1,1,名詞,一般,*,*,*,*,三十日,サンジュウニチ,サンジュウニチ,さんじゅうにち
三千,-1,-1,1,名詞,一般,*,*,*,*,三千,サンゼン,サンゼン,さんぜん
三回,-1,-1,1,名詞,一般,*,*,*,*,三回,サンカイ,サンカイ,さんかい
三年生,-1,-1,1,名詞,一般,*,*,*,*,三年生,サンネンセイ,サンネンセイ,さんねんせい
三度,-1,-1,1,名詞,一般,*,*,*,*,三度,サンド,サンド,さんど
三日,-1,-1,1,名詞,一般,*,*,*,*,三日,ミッカ,ミッカ,みっか
三日坊主,-1,-1,1,名詞,一般,*,*,*,*,三日坊主,ミッカボウズ,ミッカボウズ,みっかぼうず
三日目,-1,-1,1,名詞,一般,*,*,*,*,三日目,ミッカメ,ミッカメ,みっかめ
三時,-1,-1,1,名詞,一般,*,*,*,*,三時,サンジ,サンジ,さんじ
三時間,-1,-1,1,名詞,一般,*,*,*,*,三時間,サンジカン,サンジカン,さんじかん
三時頃,-1,-1,1,名詞,一般,*,*,*,*,三時頃,サンジゴロ,サンジゴロ,さんじごろ
三月,-1,-1,1,名詞,一般,*,*,*,*,三月,サンガツ,サンガツ,さんがつ
三本,-1,-1,1,名詞,一般,*,*,*,*,三本,サンボン,サンボン,さんぼん
三枚,-1,-1,1,名詞,一般,*,*,*,*,三枚,サンマイ,サンマイ,さんまい
三歳,-1,-1,1,名詞,一般,*,*,*,*,三歳,サンサイ,サンサイ,さんさい
三百,-1,-1,1,名詞,一般,*,*,*,*,三百,サンビャク,サンビャク,さんびゃく
三百円,-1,-1,1,名詞,一般,*,*,*,*,三百円,サンビャクエン,サンビャクエン,さんびゃくえん
三秒,-1,-1,1,名詞,一般,*,*,*,*,三秒,サンビョウ,サンビョウ,さんびょう
三種類,-1,-1,1,名詞,一般,*,*,*,*,三種類,サンシュルイ,サンシュルイ,さんしゅるい
三角,-1,-1,1,名詞,一般,*,*,*,*,三角,サンカク,サンカク,さんかく
三週間,-1,-1,1,名詞,一般,*,*,*,*,三週間,サンシュウカン,サンシュウカン,さんしゅうかん
世界一,-1,-1,1,名詞,一般,*,*,*,*,世界一,セカイイチ,セカイイチ,せかいいち
九,-1,-1,1,名詞,一般,*,*,*,*,九,キュウ,キュウ,きゅう
九つ,-1,-1,1,名詞,一般,*,*,*,*,九つ,ココノツ,ココノツ,ここのつ
九ヶ所,-1,-1,1,名詞,一般,*,*,*,*,九ヶ所,キュウカショ,キュウカショ,きゅうかしょ
九ヶ月,-1,-1,1,名詞,一般,*,*,*,*,九ヶ月,キュウカゲツ,キュウカゲツ,きゅうかげつ
九人,-1,-1,1,名詞,一般,*,*,*,*,九人,キュウニン,キュウニン,きゅうにん
九個,-1,-1,1,名詞,一般,*,*,*,*,九個,キュウコ,キュウコ,きゅうこ
九冊,-1,-1,1,名詞,一般,*,*,*,*,九冊,キュウサツ,キュウサツ,きゅうさつ
九分,-1,-1,1,名詞,一般,*,*,*,*,九分,キュウフン,キュウフン,きゅうふん
九匹,-1,-1,1,名詞,一般,*,*,*,*,九匹,キュウヒキ,キュウヒキ,きゅうひき
九千,-1,-1,1,名詞,一般,*,*,*,*,九千,キュウセン,キュウセン,きゅうせん
九回,-1,-1,1,名詞,一般,*,*,*,*,九回,キュウカイ,キュウカイ,きゅうかい
九州,-1,-1,1,名詞,一般,*,*,*,*,九州,キュウシュウ,キュウシュウ,きゅうしゅう
九日,-1,-1,1,名詞,一般,*,*,*,*,九日,ココノカ,ココノカ,ここのか
九時,-1,-1,1,名詞,一般,*,*,*,*,九時,クジ,クジ,くじ
九月,-1,-1,1,名詞,一般,*,*,*,*,九月,クガツ,クガツ,くがつ
九本,-1,-1,1,名詞,一般,*,*,*,*,九本,キュウホン,キュウホン,きゅうほん
九枚,-1,-1,1,名詞,一般,*,*,*,*,九枚,キュウマイ,キュウマイ,きゅうまい
九歳,-1,-1,1,名詞,一般,*,*,*,*,九歳,キュウサイ,キュウサイ,きゅうさい
九百,-1,-1,1,名詞,一般,*,*,*,*,九百,キュウヒャク,キュウヒャク,きゅうひゃく
九秒,-1,-1,1,名詞,一般,*,*,*,*,九秒,キュウビョウ,キュウビョウ,きゅうびょう
九週間,-1,-1,1,名詞,一般,*,*,*,*,九週間,キュウシュウカン,キュウシュウカン,きゅうしゅうかん
九階,-1,-1,1,名詞,一般,*,*,*,*,九階,キュウカイ,キュウカイ,きゅうかい
二,-1,-1,1,名詞,一般,*,*,*,*,二,ニ,ニ,に
二〇〇,-1,-1,1,名詞,一般,*,*,*,*,二〇〇,ニヒャク,ニヒャク,にひゃく
二〇〇九年,-1,-1,1,名詞,一般,*,*,*,*,二〇〇九年,ニセンキュウネン,ニセンキュウネン,にせんきゅうねん
二つ,-1,-1,1,名詞,一般,*,*,*,*,二つ,フタツ,フタツ,ふたつ
二ヶ所,-1,-1,1,名詞,一般,*,*,*,*,二ヶ所,ニカショ,ニカショ,にかしょ
二ヶ月,-1,-1,1,名詞,一般,*,*,*,*,二ヶ月,ニカゲツ,ニカゲツ,にかげつ
二人,-1,-1,1,名詞,一般,*,*,*,*,二人,フタリ,フタリ,ふたり
二個,-1,-1,1,名詞,一般,*,*,*,*,二個,ニコ,ニコ,にこ
二倍,-1,-1,1,名詞,一般,*,*,*,*,二倍,ニバイ,ニバイ,にばい
二冊,-1,-1,1,名詞,一般,*,*,*,*,二冊,ニサツ,ニサツ,にさつ
二分,-1,-1,1,名詞,一般,*,*,*,*,二分,ニフン,ニフン,にふん
二匹,-1,-1,1,名詞,一般,*,*,*,*,二匹,ニヒキ,ニヒキ,にひき
二十ヶ月,-1,-1,1,名詞,一般,*,*,*,*,二十ヶ月,ニジュッカゲツ,ニジュッカゲツ,にじゅっかげつ
二十一日,-1,-1,1,名詞,一般,*,*,*,*,二十一日,ニジュウイチニチ,ニジュウイチニチ,にじゅういちにち
二十七日,-1,-1,1,名詞,一般,*,*,*,*,二十七日,ニジュウシチニチ,ニジュウシチニチ,にじゅうしちにち
二十九,-1,-1,1,名詞,一般,*,*,*,*,二十九,ニジュウキュウ,ニジュウキュウ,にじゅうきゅう
二十二日,-1,-1,1,名詞,一般,*,*,*,*,二十二日,ニジュウニニチ,ニジュウニニチ,にじゅうににち
二十五日,-1,-1,1,名詞,一般,*,*,*,*,二十五日,ニジュウゴニチ,ニジュウゴニチ,にじゅうごにち
二十人,-1,-1,1,名詞,一般,*,*,*,*,二十人,ニジュウニン,ニジュウニン,にじゅうにん
二十六,-1,-1,1,名詞,一般,*,*,*,*,二十六,ニジュウロク,ニジュウロク,にじゅうろく
二十分,-1,-1,1,名詞,一般,*,*,*,*,二十分,ニジュップン,ニジュップン,にじゅっぷん
二十四,-1,-1,1,名詞,一般,*,*,*,*,二十四,ニジュウヨン,ニジュウヨン,にじゅうよん
二十四日,-1,-1,1,名詞,一般,*,*,*,*,二十四日,ニジュウヨッカ,ニジュウヨッカ,にじゅうよっか
二十日,-1,-1,1,名詞,一般,*,*,*,*,二十日,ハツカ,ハツカ,はつか
二十歳,-1,-1,1,名詞,一般,*,*,*,*,二十歳,ハタチ,ハタチ,はたち
二千,-1,-1,1,名詞,一般,*,*,*,*,二千,ニセン,ニセン,にせん
二名,-1,-1,1,名詞,一般,*,*,*,*,二名,ニメイ,ニメイ,にめい
二回,-1,-1,1,名詞,一般,*,*,*,*,二回,ニカイ,ニカイ,にかい
二度,-1,-1,1,名詞,一般,*,*,*,*,二度,ニド,ニド,にど
二度と,-1,-1,1,名詞,一般,*,*,*,*,二度と,ニドト,ニドト,にどと
二日,-1,-1,1,名詞,一般,*,*,*,*,二日,フツカ,フツカ,ふつか
二日目,-1,-1,1,名詞,一般,*,*,*,*,二日目,フツカメ,フツカメ,ふつかめ
二日酔い,-1,-1,1,名詞,一般,*,*,*,*,二日酔い,フツカヨイ,フツカヨイ,ふつかよい
二時,-1,-1,1,名詞,一般,*,*,*,*,二時,ニジ,ニジ,にじ
二時間,-1,-1,1,名詞,一般,*,*,*,*,二時間,ニジカン,ニジカン,にじかん
二月,-1,-1,1,名詞,一般,*,*,*,*,二月,ニガツ,ニガツ,にがつ
二本,-1,-1,1,名詞,一般,*,*,*,*,二本,ニホン,ニホン,にほん
二本目,-1,-1,1,名詞,一般,*,*,*,*,二本目,ニホンメ,ニホンメ,にほんめ
二枚,-1,-1,1,名詞,一般,*,*,*,*,二枚,ニマイ,ニマイ,にまい
二歳,-1,-1,1,名詞,一般,*,*,*,*,二歳,ニサイ,ニサイ,にさい
二番目,-1,-1,1,名詞,一般,*,*,*,*,二番目,ニバンメ,ニバンメ,にばんめ
二百,-1,-1,1,名詞,一般,*,*,*,*,二百,ニヒャク,ニヒャク,にひゃく
二百八十六名,-1,-1,1,名詞,一般,*,*,*,*,二百八十六名,ニヒャクハチジュウロクメイ,ニヒャクハチジュウロクメイ,にひゃくはちじゅうろくめい
二秒,-1,-1,1,名詞,一般,*,*,*,*,二秒,ニビョウ,ニビョウ,にびょう
二種類,-1,-1,1,名詞,一般,*,*,*,*,二種類,ニシュルイ,ニシュルイ,にしゅるい
二週間,-1,-1,1,名詞,一般,*,*,*,*,二週間,ニシュウカン,ニシュウカン,にしゅうかん
二週間前,-1,-1,1,名詞,一般,*,*,*,*,二週間前,ニシュウカンマエ,ニシュウカンマエ,にしゅうかんまえ
二階,-1,-1,1,名詞,一般,*,*,*,*,二階,ニカイ,ニカイ,にかい
五,-1,-1,1,名詞,一般,*,*,*,*,五,ゴ,ゴ,ご
五〇〇枚,-1,-1,1,名詞,一般,*,*,*,*,五〇〇枚,ゴヒャクマイ,ゴヒャクマイ,ごひゃくまい
五つ,-1,-1,1,名詞,一般,*,*,*,*,五つ,イツツ,イツツ,いつつ
五ヶ所,-1,-1,1,名詞,一般,*,*,*,*,五ヶ所,ゴカショ,ゴカショ,ごかしょ
五ヶ月,-1,-1,1,名詞,一般,*,*,*,*,五ヶ月,ゴカゲツ,ゴカゲツ,ごかげつ
五人,-1,-1,1,名詞,一般,*,*,*,*,五人,ゴニン,ゴニン,ごにん
五個,-1,-1,1,名詞,一般,*,*,*,*,五個,ゴコ,ゴコ,ごこ
五冊,-1,-1,1,名詞,一般,*,*,*,*,五冊,ゴサツ,ゴサツ,ごさつ
五分,-1,-1,1,名詞,一般,*,*,*,*,五分,ゴフン,ゴフン,ごふん
五分後,-1,-1,1,名詞,一般,*,*,*,*,五分後,ゴフンゴ,ゴフンゴ,ごふんご
五匹,-1,-1,1,名詞,一般,*,*,*,*,五匹,ゴヒキ,ゴヒキ,ごひき
五十,-1,-1,1,名詞,一般,*,*,*,*,五十,ゴジュウ,ゴジュウ,ごじゅう
五十年戦争,-1,-1,1,名詞,一般,*,*,*,*,五十年戦争,ゴジュウネンセンソウ,ゴジュウネンセンソウ,ごじゅうねんせんそう
五十点,-1,-1,1,名詞,一般,*,*,*,*,五十点,ゴジュウテン,ゴジュウテン,ごじゅうてん
五千,-1,-1,1,名詞,一般,*,*,*,*,五千,ゴセン,ゴセン,ごせん
五回,-1,-1,1,名詞,一般,*,*,*,*,五回,ゴカイ,ゴカイ,ごかい
五日,-1,-1,1,名詞,一般,*,*,*,*,五日,イツカ,イツカ,いつか
五日間,-1,-1,1,名詞,一般,*,*,*,*,五日間,イツカカン,イツカカン,いつかかん
五時,-1,-1,1,名詞,一般,*,*,*,*,五時,ゴジ,ゴジ,ごじ
五時半,-1,-1,1,名詞,一般,*,*,*,*,五時半,ゴジハン,ゴジハン,ごじはん
五月,-1,-1,1,名詞,一般,*,*,*,*,五月,ゴガツ,ゴガツ,ごがつ
五本,-1,-1,1,名詞,一般,*,*,*,*,五本,ゴホン,ゴホン,ごほん
五枚,-1,-1,1,名詞,一般,*,*,*,*,五枚,ゴマイ,ゴマイ,ごまい
五歳,-1,-1,1,名詞,一般,*,*,*,*,五歳,ゴサイ,ゴサイ,ごさい
五点,-1,-1,1,名詞,一般,*,*,*,*,五点,ゴテン,ゴテン,ごてん
五百,-1,-1,1,名詞,一般,*,*,*,*,五百,ゴヒャク,ゴヒャク,ごひゃく
五秒,-1,-1,1,名詞,一般,*,*,*,*,五秒,ゴビョウ,ゴビョウ,ごびょう
五週間,-1,-1,1,名詞,一般,*,*,*,*,五週間,ゴシュウカン,ゴシュウカン,ごしゅうかん
何千人,-1,-1,1,名詞,一般,*,*,*,*,何千人,ナンゼンニン,ナンゼンニン,なんぜんにん
何百,-1,-1,1,名詞,一般,*,*,*,*,何百,ナンヒャク,ナンヒャク,なんひゃく
何百回,-1,-1,1,名詞,一般,*,*,*,*,何百回,ナンヒャクカイ,ナンヒャクカイ,なんひゃくかい
何百羽,-1,-1,1,名詞,一般,*,*,*,*,何百羽,ナンヒャクワ,ナンヒャクワ,なんひゃくわ
八つ,-1,-1,1,名詞,一般,*,*,*,*,八つ,ヤッツ,ヤッツ,やっつ
八つ当たり,-1,-1,1,名詞,一般,*,*,*,*,八つ当たり,ヤツアタリ,ヤツアタリ,やつあたり
八つ当たる,-1,-1,1,名詞,一般,*,*,*,*,八つ当たる,ヤツアタル,ヤツアタル,やつあたる
八ヶ所,-1,-1,1,名詞,一般,*,*,*,*,八ヶ所,ハッカショ,ハッカショ,はっかしょ
八ヶ月,-1,-1,1,名詞,一般,*,*,*,*,八ヶ月,ハチカゲツ,ハチカゲツ,はちかげつ
八人,-1,-1,1,名詞,一般,*,*,*,*,八人,ハチニン,ハチニン,はちにん
八個,-1,-1,1,名詞,一般,*,*,*,*,八個,ハッコ,ハッコ,はっこ
八冊,-1,-1,1,名詞,一般,*,*,*,*,八冊,ハッサツ,ハッサツ,はっさつ
八分,-1,-1,1,名詞,一般,*,*,*,*,八分,ハップン,ハップン,はっぷん
八匹,-1,-1,1,名詞,一般,*,*,*,*,八匹,ハッピキ,ハッピキ,はっぴき
八十点,-1,-1,1,名詞,一般,*,*,*,*,八十点,ハチジュウテン,ハチジュウテン,はちじゅうてん
八千,-1,-1,1,名詞,一般,*,*,*,*,八千,ハッセン,ハッセン,はっせん
八回,-1,-1,1,名詞,一般,*,*,*,*,八回,ハチカイ,ハチカイ,はちかい
八日,-1,-1,1,名詞,一般,*,*,*,*,八日,ヨウカ,ヨウカ,ようか
八時,-1,-1,1,名詞,一般,*,*,*,*,八時,ハチジ,ハチジ,はちじ
八月,-1,-1,1,名詞,一般,*,*,*,*,八月,ハチガツ,ハチガツ,はちがつ
八本,-1,-1,1,名詞,一般,*,*,*,*,八本,ハチホン,ハチホン,はちほん
八枚,-1,-1,1,名詞,一般,*,*,*,*,八枚,ハチマイ,ハチマイ,はちまい
八歳,-1,-1,1,名詞,一般,*,*,*,*,八歳,ハッサイ,ハッサイ,はっさい
八百,-1,-1,1,名詞,一般,*,*,*,*,八百,ハッピャク,ハッピャク,はっぴゃく
八秒,-1,-1,1,名詞,一般,*,*,*,*,八秒,ハチビョウ,ハチビョウ,はちびょう
八週間,-1,-1,1,名詞,一般,*,*,*,*,八週間,ハッシュウカン,ハッシュウカン,はっしゅうかん
八階,-1,-1,1,名詞,一般,*,*,*,*,八階,ハチカイ,ハチカイ,はちかい
六か月,-1,-1,1,名詞,一般,*,*,*,*,六か月,ロッカゲツ,ロッカゲツ,ろっかげつ
六つ,-1,-1,1,名詞,一般,*,*,*,*,六つ,ムッツ,ムッツ,むっつ
六ヶ所,-1,-1,1,名詞,一般,*,*,*,*,六ヶ所,ロッカショ,ロッカショ,ろっかしょ
六ヶ月,-1,-1,1,名詞,一般,*,*,*,*,六ヶ月,ロッカゲツ,ロッカゲツ,ろっかげつ
六人,-1,-1,1,名詞,一般,*,*,*,*,六人,ロクニン,ロクニン,ろくにん
六個,-1,-1,1,名詞,一般,*,*,*,*,六個,ロッコ,ロッコ,ろっこ
六冊,-1,-1,1,名詞,一般,*,*,*,*,六冊,ロクサツ,ロクサツ,ろくさつ
六分,-1,-1,1,名詞,一般,*,*,*,*,六分,ロップン,ロップン,ろっぷん
六匹,-1,-1,1,名詞,一般,*,*,*,*,六匹,ロッピキ,ロッピキ,ろっぴき
六千,-1,-1,1,名詞,一般,*,*,*,*,六千,ロクセン,ロクセン,ろくせん
六回,-1,-1,1,名詞,一般,*,*,*,*,六回,ロッカイ,ロッカイ,ろっかい
六年生,-1,-1,1,名詞,一般,*,*,*,*,六年生,ロクネンセイ,ロクネンセイ,ろくねんせい
六日,-1,-1,1,名詞,一般,*,*,*,*,六日,ムイカ,ムイカ,むいか
六時,-1,-1,1,名詞,一般,*,*,*,*,六時,ロクジ,ロクジ,ろくじ
六時間,-1,-1,1,名詞,一般,*,*,*,*,六時間,ロクジカン,ロクジカン,ろくじかん
六月,-1,-1,1,名詞,一般,*,*,*,*,六月,ロクガツ,ロクガツ,ろくがつ
六本,-1,-1,1,名詞,一般,*,*,*,*,六本,ロッポン,ロッポン,ろっぽん
六本木,-1,-1,1,名詞,一般,*,*,*,*,六本木,ロッポンギ,ロッポンギ,ろっぽんぎ
六枚,-1,-1,1,名詞,一般,*,*,*,*,六枚,ロクマイ,ロクマイ,ろくまい
六歳,-1,-1,1,名詞,一般,*,*,*,*,六歳,ロクサイ,ロクサイ,ろくさい
六百,-1,-1,1,名詞,一般,*,*,*,*,六百,ロッピャク,ロッピャク,ろっぴゃく
六秒,-1,-1,1,名詞,一般,*,*,*,*,六秒,ロクビョウ,ロクビョウ,ろくびょう
六羽,-1,-1,1,名詞,一般,*,*,*,*,六羽,ロクワ,ロクワ,ろくわ
六週間,-1,-1,1,名詞,一般,*,*,*,*,六週間,ロクシュウカン,ロクシュウカン,ろくしゅうかん
北千住,-1,-1,1,名詞,一般,*,*,*,*,北千住,キタセンジュ,キタセンジュ,きたせんじゅ
十,-1,-1,1,名詞,一般,*,*,*,*,十,ジュウ,ジュウ,じゅう
十キロ,-1,-1,1,名詞,一般,*,*,*,*,十キロ,ジュウキロ,ジュウキロ,じゅうキロ
十ヶ所,-1,-1,1,名詞,一般,*,*,*,*,十ヶ所,ジュッカショ,ジュッカショ,じゅっかしょ
十ヶ月,-1,-1,1,名詞,一般,*,*,*,*,十ヶ月,ジュッカゲツ,ジュッカゲツ,じゅっかげつ
十一ヶ月,-1,-1,1,名詞,一般,*,*,*,*,十一ヶ月,ジュウイッカゲツ,ジュウイッカゲツ,じゅういっかげつ
十一人,-1,-1,1,名詞,一般,*,*,*,*,十一人,ジュウイチニン,ジュウイチニン,じゅういちにん
十一日,-1,-1,1,名詞,一般,*,*,*,*,十一日,ジュウイチニチ,ジュウイチニチ,じゅういちにち
十一時,-1,-1,1,名詞,一般,*,*,*,*,十一時,ジュウイチジ,ジュウイチジ,じゅういちじ
十一時半,-1,-1,1,名詞,一般,*,*,*,*,十一時半,ジュウイチジハン,ジュウイチジハン,じゅういちじはん
十一月,-1,-1,1,名詞,一般,*,*,*,*,十一月,ジュウイチガツ,ジュウイチガツ,じゅういちがつ
十一歳,-1,-1,1,名詞,一般,*,*,*,*,十一歳,ジュイッサイ,ジュイッサイ,じゅいっさい
十七歳,-1,-1,1,名詞,一般,*,*,*,*,十七歳,ジュウナナサイ,ジュウナナサイ,じゅうななさい
十三,-1,-1,1,名詞,一般,*,*,*,*,十三,ジュウサン,ジュウサン,じゅうさん
十三年間,-1,-1,1,名詞,一般,*,*,*,*,十三年間,ジュウサンネンカン,ジュウサンネンカン,じゅうさんねんかん
十九日,-1,-1,1,名詞,一般,*,*,*,*,十九日,ジュウクニチ,ジュウクニチ,じゅうくにち
十二日,-1,-1,1,名詞,一般,*,*,*,*,十二日,ジュウニニチ,ジュウニニチ,じゅうににち
十二時,-1,-1,1,名詞,一般,*,*,*,*,十二時,ジュウニジ,ジュウニジ,じゅうにじ
十二月,-1,-1,1,名詞,一般,*,*,*,*,十二月,ジュウニガツ,ジュウニガツ,じゅうにがつ
十五分,-1,-1,1,名詞,一般,*,*,*,*,十五分,ジュウゴフン,ジュウゴフン,じゅうごふん
十五日,-1,-1,1,名詞,一般,*,*,*,*,十五日,ジュウゴニチ,ジュウゴニチ,じゅうごにち
十五歳,-1,-1,1,名詞,一般,*,*,*,*,十五歳,ジュウゴサイ,ジュウゴサイ,じゅうごさい
十五行,-1,-1,1,名詞,一般,*,*,*,*,十五行,ジュウゴギョウ,ジュウゴギョウ,じゅうごぎょう
十人,-1,-1,1,名詞,一般,*,*,*,*,十人,ジュウニン,ジュウニン,じゅうにん
十個,-1,-1,1,名詞,一般,*,*,*,*,十個,ジュッコ,ジュッコ,じゅっこ
十六年,-1,-1,1,名詞,一般,*,*,*,*,十六年,ジュウロクネン,ジュウロクネン,じゅうろくねん
十冊,-1,-1,1,名詞,一般,*,*,*,*,十冊,ジュッサツ,ジュッサツ,じゅっさつ
十分,-1,-1,1,名詞,一般,*,*,*,*,十分,ジュップン,ジュップン,じゅっぷん
十匹,-1,-1,1,名詞,一般,*,*,*,*,十匹,ジュッピキ,ジュッピキ,じゅっぴき
十四人,-1,-1,1,名詞,一般,*,*,*,*,十四人,ジュウヨンニン,ジュウヨンニン,じゅうよんにん
十四年,-1,-1,1,名詞,一般,*,*,*,*,十四年,ジュウヨンネン,ジュウヨンネン,じゅうよんねん
十四日,-1,-1,1,名詞,一般,*,*,*,*,十四日,ジュウヨッカ,ジュウヨッカ,じゅうよっか
十回,-1,-1,1,名詞,一般,*,*,*,*,十回,ジュッカイ,ジュッカイ,じゅっかい
十年,-1,-1,1,名詞,一般,*,*,*,*,十年,ジュウネン,ジュウネン,じゅうねん
十日,-1,-1,1,名詞,一般,*,*,*,*,十日,トオカ,トオカ,とおか
十時,-1,-1,1,名詞,一般,*,*,*,*,十時,ジュウジ,ジュウジ,じゅうじ
十月,-1,-1,1,名詞,一般,*,*,*,*,十月,ジュウガツ,ジュウガツ,じゅうがつ
十本,-1,-1,1,名詞,一般,*,*,*,*,十本,ジュッポン,ジュッポン,じゅっぽん
十枚,-1,-1,1,名詞,一般,*,*,*,*,十枚,ジュウマイ,ジュウマイ,じゅうまい
十歳,-1,-1,1,名詞,一般,*,*,*,*,十歳,ジュッサイ,ジュッサイ,じゅっさい
十点,-1,-1,1,名詞,一般,*,*,*,*,十点,ジュウテン,ジュウテン,じゅうてん
十秒,-1,-1,1,名詞,一般,*,*,*,*,十秒,ジュウビョウ,ジュウビョウ,じゅうびょう
十週間,-1,-1,1,名詞,一般,*,*,*,*,十週間,ジュウシュウカン,ジュウシュウカン,じゅうしゅうかん
千,-1,-1,1,名詞,一般,*,*,*,*,千,セン,セン,せん
千円,-1,-1,1,名詞,一般,*,*,*,*,千円,センエン,センエン,せんえん
千尋,-1,-1,1,名詞,一般,*,*,*,*,千尋,チヒロ,チヒロ,ちひろ
千年前,-1,-1,1,名詞,一般,*,*,*,*,千年前,センネンマエ,センネンマエ,せんねんまえ
千年紀,-1,-1,1,名詞,一般,*,*,*,*,千年紀,センネンキ,センネンキ,せんねんき
千葉,-1,-1,1,名詞,一般,*,*,*,*,千葉,チバ,チバ,ちば
単一,-1,-1,1,名詞,一般,*,*,*,*,単一,タンイツ,タンイツ,たんいつ
唯一,-1,-1,1,名詞,一般,*,*,*,*,唯一,ユイイツ,ユイイツ,ゆいいつ
四つ,-1,-1,1,名詞,一般,*,*,*,*,四つ,ヨッツ,ヨッツ,よっつ
四ヶ所,-1,-1,1,名詞,一般,*,*,*,*,四ヶ所,ヨンカショ,ヨンカショ,よんかしょ
四ヶ月,-1,-1,1,名詞,一般,*,*,*,*,四ヶ月,ヨンカゲツ,ヨンカゲツ,よんかげつ
四人,-1,-1,1,名詞,一般,*,*,*,*,四人,ヨニン,ヨニン,よにん
四個,-1,-1,1,名詞,一般,*,*,*,*,四個,ヨンコ,ヨンコ,よんこ
四冊,-1,-1,1,名詞,一般,*,*,*,*,四冊,ヨンサツ,ヨンサツ,よんさつ
四分,-1,-1,1,名詞,一般,*,*,*,*,四分,ヨンプン,ヨンプン,よんぷん
四匹,-1,-1,1,名詞,一般,*,*,*,*,四匹,ヨンヒキ,ヨンヒキ,よんひき
四十六,-1,-1,1,名詞,一般,*,*,*,*,四十六,ヨンジュウロク,ヨンジュウロク,よんじゅうろく
四千,-1,-1,1,名詞,一般,*,*,*,*,四千,ヨンセン,ヨンセン,よんせん
四半分,-1,-1,1,名詞,一般,*,*,*,*,四半分,シハンブン,シハンブン,しはんぶん
四回,-1,-1,1,名詞,一般,*,*,*,*,四回,ヨンカイ,ヨンカイ,よんかい
四国,-1,-1,1,名詞,一般,*,*,*,*,四国,シコク,シコク,しこく
四年前,-1,-1,1,名詞,一般,*,*,*,*,四年前,ヨネンマエ,ヨネンマエ,よねんまえ
四日,-1,-1,1,名詞,一般,*,*,*,*,四日,ヨッカ,ヨッカ,よっか
四日目,-1,-1,1,名詞,一般,*,*,*,*,四日目,ヨッカメ,ヨッカメ,よっかめ
四日間,-1,-1,1,名詞,一般,*,*,*,*,四日間,ヨッカカン,ヨッカカン,よっかかん
四時,-1,-1,1,名詞,一般,*,*,*,*,四時,ヨジ,ヨジ,よじ
四月,-1,-1,1,名詞,一般,*,*,*,*,四月,シガツ,シガツ,しがつ
四本,-1,-1,1,名詞,一般,*,*,*,*,四本,ヨンホン,ヨンホン,よんほん
四枚,-1,-1,1,名詞,一般,*,*,*,*,四枚,ヨンマイ,ヨンマイ,よんまい
四歳,-1,-1,1,名詞,一般,*,*,*,*,四歳,ヨンサイ,ヨンサイ,よんさい
四百,-1,-1,1,名詞,一般,*,*,*,*,四百,ヨンヒャク,ヨンヒャク,よんひゃく
四秒,-1,-1,1,名詞,一般,*,*,*,*,四秒,ヨンビョウ,ヨンビョウ,よんびょう
四葉,-1,-1,1,名詞,一般,*,*,*,*,四葉,ヨツバ,ヨツバ,よつば
四角,-1,-1,1,名詞,一般,*,*,*,*,四角,シカク,シカク,しかく
四週間,-1,-1,1,名詞,一般,*,*,*,*,四週間,ヨンシュウカン,ヨンシュウカン,よんしゅうかん
四階,-1,-1,1,名詞,一般,*,*,*,*,四階,ヨンカイ,ヨンカイ,よんかい
天下一,-1,-1,1,名詞,一般,*,*,*,*,天下一,テンカイチ,テンカイチ,てんかいち
天下一武道会,-1,-1,1,名詞,一般,*,*,*,*,天下一武道会,テンカイチブドウカイ,テンカイチブドウカイ,てんかいちぶどうかい
日本一,-1,-1,1,名詞,一般,*,*,*,*,日本一,ニホンイチ,ニホンイチ,にほんいち
百,-1,-1,1,名詞,一般,*,*,*,*,百,ヒャク,ヒャク,ひゃく
百万円,-1,-1,1,名詞,一般,*,*,*,*,百万円,ヒャクマンエン,ヒャクマンエン,ひゃくまんえん
百五十,-1,-1,1,名詞,一般,*,*,*,*,百五十,ヒャクゴジュウ,ヒャクゴジュウ,ひゃくごじゅう
百円,-1,-1,1,名詞,一般,*,*,*,*,百円,ヒャクエン,ヒャクエン,ひゃくえん
百年,-1,-1,1,名詞,一般,*,*,*,*,百年,ヒャクネン,ヒャクネン,ひゃくねん
真っ二つ,-1,-1,1,名詞,一般,*,*,*,*,真っ二つ,マッフタツ,マッフタツ,まっふたつ
真四角,-1,-1,1,名詞,一般,*,*,*,*,真四角,マシカク,マシカク,ましかく
第 3 章,-1,-1,1,名詞,一般,*,*,*,*,第 3 章,ダイサンショウ,ダイサンショウ,だいさんしょう
第1,-1,-1,1,名詞,一般,*,*,*,*,第1,ダイイチ,ダイイチ,だいいち
第1回,-1,-1,1,名詞,一般,*,*,*,*,第1回,ダイイッカイ,ダイイッカイ,だいいっかい
第1章,-1,-1,1,名詞,一般,*,*,*,*,第1章,ダイイチショウ,ダイイチショウ,だいいちしょう
第2,-1,-1,1,名詞,一般,*,*,*,*,第2,ダイニ,ダイニ,だいに
第2章,-1,-1,1,名詞,一般,*,*,*,*,第2章,ダイニショウ,ダイニショウ,だいにしょう
第3,-1,-1,1,名詞,一般,*,*,*,*,第3,ダイサン,ダイサン,だいさん
第3世代,-1,-1,1,名詞,一般,*,*,*,*,第3世代,ダイサンセダイ,ダイサンセダイ,だいさんせだい
第3巻,-1,-1,1,名詞,一般,*,*,*,*,第3巻,ダイサンカン,ダイサンカン,だいさんかん
第3版,-1,-1,1,名詞,一般,*,*,*,*,第3版,ダイサンバン,ダイサンバン,だいさんばん
第4世代,-1,-1,1,名詞,一般,*,*,*,*,第4世代,ダイヨンセダイ,ダイヨンセダイ,だいよんせだい
第5,-1,-1,1,名詞,一般,*,*,*,*,第5,ダイゴ,ダイゴ,だいご
第一,-1,-1,1,名詞,一般,*,*,*,*,第一,ダイイチ,ダイイチ,だいいち
第三,-1,-1,1,名詞,一般,*,*,*,*,第三,ダイサン,ダイサン,だいさん
第二,-1,-1,1,名詞,一般,*,*,*,*,第二,ダイニ,ダイニ,だいに
第１回,-1,-1,1,名詞,一般,*,*,*,*,第１回,ダイイッカイ,ダイイッカイ,だいいっかい
第３,-1,-1,1,名詞,一般,*,*,*,*,第３,ダイサン,ダイサン,だいさん
腹八分目,-1,-1,1,名詞,一般,*,*,*,*,腹八分目,ハラハチブンメ,ハラハチブンメ,はらはちぶんめ
１,-1,-1,1,名詞,一般,*,*,*,*,１,イチ,イチ,いち
１つ,-1,-1,1,名詞,一般,*,*,*,*,１つ,ヒトツ,ヒトツ,ひとつ
１キロ,-1,-1,1,名詞,一般,*,*,*,*,１キロ,イチキロ,イチキロ,いちキロ
１ヶ月,-1,-1,1,名詞,一般,*,*,*,*,１ヶ月,イッカゲツ,イッカゲツ,いっかげつ
１冊,-1,-1,1,名詞,一般,*,*,*,*,１冊,イッサツ,イッサツ,いっさつ
１台,-1,-1,1,名詞,一般,*,*,*,*,１台,イチダイ,イチダイ,いちだい
１年,-1,-1,1,名詞,一般,*,*,*,*,１年,イチネン,イチネン,いちねん
１時,-1,-1,1,名詞,一般,*,*,*,*,１時,イチジ,イチジ,いちじ
１時半,-1,-1,1,名詞,一般,*,*,*,*,１時半,イチジハン,イチジハン,いちじはん
１時間,-1,-1,1,名詞,一般,*,*,*,*,１時間,イチジカン,イチジカン,いちじかん
１枚,-1,-1,1,名詞,一般,*,*,*,*,１枚,イチマイ,イチマイ,いちまい
１０,-1,-1,1,名詞,一般,*,*,*,*,１０,ジュウ,ジュウ,じゅう
１０日,-1,-1,1,名詞,一般,*,*,*,*,１０日,ジュウニチ,ジュウニチ,じゅうにち
１０月,-1,-1,1,名詞,一般,*,*,*,*,１０月,ジュウガツ,ジュウガツ,じゅうがつ
１０秒,-1,-1,1,名詞,一般,*,*,*,*,１０秒,ジュウビョウ,ジュウビョウ,じゅうびょう
１００,-1,-1,1,名詞,一般,*,*,*,*,１００,ヒャク,ヒャク,ひゃく
１００円,-1,-1,1,名詞,一般,*,*,*,*,１００円,ヒャクエン,ヒャクエン,ひゃくえん
１１,-1,-1,1,名詞,一般,*,*,*,*,１１,ジュウイチ,ジュウイチ,じゅういち
１２３,-1,-1,1,名詞,一般,*,*,*,*,１２３,イチニサン,イチニサン,いちにさん
１３年,-1,-1,1,名詞,一般,*,*,*,*,１３年,ジュウサンネン,ジュウサンネン,じゅうさんねん
１４日,-1,-1,1,名詞,一般,*,*,*,*,１４日,ジュウヨッカ,ジュウヨッカ,じゅうよっか
１７,-1,-1,1,名詞,一般,*,*,*,*,１７,ジュウナナ,ジュウナナ,じゅうなな
２,-1,-1,1,名詞,一般,*,*,*,*,２,ニ,ニ,に
２、３日,-1,-1,1,名詞,一般,*,*,*,*,２、３日,ニ、サンニチ,ニ、サンニチ,に、さんにち
２つ,-1,-1,1,名詞,一般,*,*,*,*,２つ,フタツ,フタツ,ふたつ
２キロ,-1,-1,1,名詞,一般,*,*,*,*,２キロ,ニキロ,ニキロ,にキロ
２周目,-1,-1,1,名詞,一般,*,*,*,*,２周目,ニシュウメ,ニシュウメ,にしゅうめ
２回,-1,-1,1,名詞,一般,*,*,*,*,２回,ニカイ,ニカイ,にかい
２年間,-1,-1,1,名詞,一般,*,*,*,*,２年間,ニネンカン,ニネンカン,にねんかん
２時,-1,-1,1,名詞,一般,*,*,*,*,２時,ニジ,ニジ,にじ
２本,-1,-1,1,名詞,一般,*,*,*,*,２本,ニホン,ニホン,にほん
２０日,-1,-1,1,名詞,一般,*,*,*,*,２０日,ハツカ,ハツカ,はつか
２０００,-1,-1,1,名詞,一般,*,*,*,*,２０００,ニセン,ニセン,にせん
２１,-1,-1,1,名詞,一般,*,*,*,*,２１,ニジュウイチ,ニジュウイチ,にじゅういち
２１日,-1,-1,1,名詞,一般,*,*,*,*,２１日,ニジュウイチニチ,ニジュウイチニチ,にじゅういちにち
２２日,-1,-1,1,名詞,一般,*,*,*,*,２２日,ニジュウニニチ,ニジュウニニチ,にじゅうににち
２３日,-1,-1,1,名詞,一般,*,*,*,*,２３日,ニジュウサンニチ,ニジュウサンニチ,にじゅうさんにち
２５,-1,-1,1,名詞,一般,*,*,*,*,２５,ニジュウゴ,ニジュウゴ,にじゅうご
２８日,-1,-1,1,名詞,一般,*,*,*,*,２８日,ニジュウハチニチ,ニジュウハチニチ,にじゅうはちにち
２９日,-1,-1,1,名詞,一般,*,*,*,*,２９日,ニジュウキュウニチ,ニジュウキュウニチ,にじゅうきゅうにち
３人目,-1,-1,1,名詞,一般,*,*,*,*,３人目,サンニンメ,サンニンメ,さんにんめ
３月,-1,-1,1,名詞,一般,*,*,*,*,３月,サンガツ,サンガツ,さんがつ
３番線,-1,-1,1,名詞,一般,*,*,*,*,３番線,サンバンセン,サンバンセン,さんばんせん
３０,-1,-1,1,名詞,一般,*,*,*,*,３０,サンジュウ,サンジュウ,さんじゅう
３００,-1,-1,1,名詞,一般,*,*,*,*,３００,サンビャク,サンビャク,さんびゃく
４,-1,-1,1,名詞,一般,*,*,*,*,４,ヨン,ヨン,よん
４か月,-1,-1,1,名詞,一般,*,*,*,*,４か月,ヨンカゲツ,ヨンカゲツ,よんかげつ
４分,-1,-1,1,名詞,一般,*,*,*,*,４分,ヨンブン,ヨンブン,よんぶん
４年生,-1,-1,1,名詞,一般,*,*,*,*,４年生,シネンセイ,シネンセイ,しねんせい
５,-1,-1,1,名詞,一般,*,*,*,*,５,ゴ,ゴ,ご
５時,-1,-1,1,名詞,一般,*,*,*,*,５時,ゴジ,ゴジ,ごじ
５０００,-1,-1,1,名詞,一般,*,*,*,*,５０００,ゴセン,ゴセン,ごせん
６日,-1,-1,1,名詞,一般,*,*,*,*,６日,ムイカ,ムイカ,むいか
６時,-1,-1,1,名詞,一般,*,*,*,*,６時,ロクジ,ロクジ,ろくじ
７,-1,-1,1,名詞,一般,*,*,*,*,７,シチ,シチ,しち
７月,-1,-1,1,名詞,一般,*,*,*,*,７月,シチガツ,シチガツ,しちがつ
８月,-1,-1,1,名詞,一般,*,*,*,*,８月,ハチガツ,ハチガツ,はちがつ
９,-1,-1,1,名詞,一般,*,*,*,*,９,キュウ,キュウ,きゅう
９日目,-1,-1,1,名詞,一般,*,*,*,*,９日目,ココノカメ,ココノカメ,ここのかめ
９時,-1,-1,1,名詞,一般,*,*,*,*,９時,クジ,クジ,くじ
９月２０,-1,-1,1,名詞,一般,*,*,*,*,９月２０,クガツハツカ,クガツハツカ,くがつはつか
飽き飽き,-1,-1,1,名詞,一般,*,*,*,*,飽き飽き,アキアキ,アキアキ,あきあき
水死体,-1,-1,1,名詞,一般,*,*,*,*,水死体,スイシタイ,スイシタイ,すいしたい
一歩,-1,-1,1,名詞,一般,*,*,*,*,一歩,イッポ,イッポ,いっぽ
第一,-1,-1,1,名詞,一般,*,*,*,*,第一,ダイイチ,ダイイチ,だいいち
バシャバシャ,-1,-1,1,名詞,一般,*,*,*,*,バシャバシャ,バシャバシャ,バシャバシャ,バシャバシャ
名前空間,-1,-1,1,名詞,一般,*,*,*,*,名前空間,ナマエクウカン,ナマエクウカン,なまえくうかん
魔法書,-1,-1,1,名詞,一般,*,*,*,*,魔法書,マホウショ,マホウショ,まほうしょ
申し分ない,-1,-1,1,名詞,一般,*,*,*,*,申し分ない,モウシブンナイ,モウシブンナイ,もうしぶんない
ねずみ人間,-1,-1,1,名詞,一般,*,*,*,*,ねずみ人間,ネズミニンゲン,ネズミニンゲン,ねずみにんげん
作成用,-1,-1,1,名詞,一般,*,*,*,*,作成用,サクセイヨウ,サクセイヨウ,さくせいよう
工科大学,-1,-1,1,名詞,一般,*,*,*,*,工科大学,コウカダイガク,コウカダイガク,こうかだいがく
よける,-1,-1,1,名詞,一般,*,*,*,*,よける,ヨケル,ヨケル,よける
ぐうぐう,-1,-1,1,名詞,一般,*,*,*,*,ぐうぐう,グウグウ,グウグウ,ぐうぐう
八つ当たり,-1,-1,1,名詞,一般,*,*,*,*,八つ当たり,ヤツアタリ,ヤツアタリ,やつあたり
足りない,-1,-1,1,名詞,一般,*,*,*,*,足りない,タリナイ,タリナイ,たりない
ウズウズ,-1,-1,1,名詞,一般,*,*,*,*,ウズウズ,ウズウズ,ウズウズ,ウズウズ
一年生,-1,-1,1,名詞,一般,*,*,*,*,一年生,イチネンセイ,イチネンセイ,いちねんせい
青い顔,-1,-1,1,名詞,一般,*,*,*,*,青い顔,アオイカオ,アオイカオ,あおいかお
一日,-1,-1,1,名詞,一般,*,*,*,*,一日,ツイタチ,ツイタチ,ついたち
二倍,-1,-1,1,名詞,一般,*,*,*,*,二倍,ニバイ,ニバイ,にばい
二日,-1,-1,1,名詞,一般,*,*,*,*,二日,フツカ,フツカ,ふつか
三日,-1,-1,1,名詞,一般,*,*,*,*,三日,ミッカ,ミッカ,みっか
文字化け,-1,-1,1,名詞,一般,*,*,*,*,文字化け,モジバケ,モジバケ,もじばけ
四日,-1,-1,1,名詞,一般,*,*,*,*,四日,ヨッカ,ヨッカ,よっか
五日,-1,-1,1,名詞,一般,*,*,*,*,五日,イツカ,イツカ,いつか
六日,-1,-1,1,名詞,一般,*,*,*,*,六日,ムイカ,ムイカ,むいか
何かしら,-1,-1,1,名詞,一般,*,*,*,*,何かしら,ナニカシラ,ナニカシラ,なにかしら
せず,-1,-1,1,名詞,一般,*,*,*,*,せず,セズ,セズ,せず
正規表現,-1,-1,1,名詞,一般,*,*,*,*,正規表現,セイキヒョウゲン,セイキヒョウゲン,せいきひょうげん
メタ文字,-1,-1,1,名詞,一般,*,*,*,*,メタ文字,メタモジ,メタモジ,めたもじ
七日,-1,-1,1,名詞,一般,*,*,*,*,七日,ナノカ,ナノカ,なのか
可能性,-1,-1,1,名詞,一般,*,*,*,*,可能性,カノウセイ,カノウセイ,かのうせい
食べ掛け,-1,-1,1,名詞,一般,*,*,*,*,食べ掛け,タベカケ,タベカケ,たべかけ
八日,-1,-1,1,名詞,一般,*,*,*,*,八日,ヨウカ,ヨウカ,ようか
九日,-1,-1,1,名詞,一般,*,*,*,*,九日,ココノカ,ココノカ,ここのか
引用文,-1,-1,1,名詞,一般,*,*,*,*,引用文,インヨウブン,インヨウブン,いんようぶん
疑感,-1,-1,1,名詞,一般,*,*,*,*,疑感,ギカン,ギカン,ぎかん
十日,-1,-1,1,名詞,一般,*,*,*,*,十日,トオカ,トオカ,とおか
十一日,-1,-1,1,名詞,一般,*,*,*,*,十一日,ジュウイチニチ,ジュウイチニチ,じゅういちにち
一次,-1,-1,1,名詞,一般,*,*,*,*,一次,イチジ,イチジ,いちじ
十二日,-1,-1,1,名詞,一般,*,*,*,*,十二日,ジュウニニチ,ジュウニニチ,じゅうににち
何らか,-1,-1,1,名詞,一般,*,*,*,*,何らか,ナンラカ,ナンラカ,なんらか
主な,-1,-1,1,名詞,一般,*,*,*,*,主な,オモナ,オモナ,おもな
弱参照,-1,-1,1,名詞,一般,*,*,*,*,弱参照,ジャクサンショウ,ジャクサンショウ,じゃくさんしょう
十三日,-1,-1,1,名詞,一般,*,*,*,*,十三日,ジュウサンニチ,ジュウサンニチ,じゅうさんにち
戦国時代,-1,-1,1,名詞,一般,*,*,*,*,戦国時代,センゴクジダイ,センゴクジダイ,せんごくじだい
十四日,-1,-1,1,名詞,一般,*,*,*,*,十四日,ジュウヨッカ,ジュウヨッカ,じゅうよっか
ゴクゴク,-1,-1,1,名詞,一般,*,*,*,*,ゴクゴク,ゴクゴク,ゴクゴク,ゴクゴク
お姉さん,-1,-1,1,名詞,一般,*,*,*,*,お姉さん,オネエサン,オネエサン,おねえさん
十五日,-1,-1,1,名詞,一般,*,*,*,*,十五日,ジュウゴニチ,ジュウゴニチ,じゅうごにち
文字列,-1,-1,1,名詞,一般,*,*,*,*,文字列,モジレツ,モジレツ,もじれつ
十六日,-1,-1,1,名詞,一般,*,*,*,*,十六日,ジュウロクニチ,ジュウロクニチ,じゅうろくにち
十七日,-1,-1,1,名詞,一般,*,*,*,*,十七日,ジュウシチニチ,ジュウシチニチ,じゅうしちにち
十八日,-1,-1,1,名詞,一般,*,*,*,*,十八日,ジュウハチニチ,ジュウハチニチ,じゅうはちにち
ご苦労様,-1,-1,1,名詞,一般,*,*,*,*,ご苦労様,ゴクロウサマ,ゴクロウサマ,ごくろうさま
新品同様,-1,-1,1,名詞,一般,*,*,*,*,新品同様,シンピンドウヨウ,シンピンドウヨウ,しんぴんどうよう
十九日,-1,-1,1,名詞,一般,*,*,*,*,十九日,ジュウクニチ,ジュウクニチ,じゅうくにち
無造作,-1,-1,1,名詞,一般,*,*,*,*,無造作,ムゾウサ,ムゾウサ,むぞうさ
二十日,-1,-1,1,名詞,一般,*,*,*,*,二十日,ハツカ,ハツカ,はつか
恒等関数,-1,-1,1,名詞,一般,*,*,*,*,恒等関数,コウトウカンスウ,コウトウカンスウ,こうとうかんすう
一歩手前,-1,-1,1,名詞,一般,*,*,*,*,一歩手前,イッポテマエ,イッポテマエ,いっぽてまえ
二十一日,-1,-1,1,名詞,一般,*,*,*,*,二十一日,ニジュウイチニチ,ニジュウイチニチ,にじゅういちにち
東西南北,-1,-1,1,名詞,一般,*,*,*,*,東西南北,トウザイナンボク,トウザイナンボク,とうざいなんぼく
二十二日,-1,-1,1,名詞,一般,*,*,*,*,二十二日,ニジュウニニチ,ニジュウニニチ,にじゅうににち
腹八分目,-1,-1,1,名詞,一般,*,*,*,*,腹八分目,ハラハチブンメ,ハラハチブンメ,はらはちぶんめ
二十三日,-1,-1,1,名詞,一般,*,*,*,*,二十三日,ニジュウサンニチ,ニジュウサンニチ,にじゅうさんにち
二十四日,-1,-1,1,名詞,一般,*,*,*,*,二十四日,ニジュウヨッカ,ニジュウヨッカ,にじゅうよっか
要所要所,-1,-1,1,名詞,一般,*,*,*,*,要所要所,ヨウショヨウショ,ヨウショヨウショ,ようしょようしょ
総攻撃,-1,-1,1,名詞,一般,*,*,*,*,総攻撃,ソウコウゲキ,ソウコウゲキ,そうこうげき
送り仮名,-1,-1,1,名詞,一般,*,*,*,*,送り仮名,オクリガナ,オクリガナ,おくりがな
二十五日,-1,-1,1,名詞,一般,*,*,*,*,二十五日,ニジュウゴニチ,ニジュウゴニチ,にじゅうごにち
メモちょう,-1,-1,1,名詞,一般,*,*,*,*,メモちょう,メモチョウ,メモチョウ,メモちょう
人造人間,-1,-1,1,名詞,一般,*,*,*,*,人造人間,ジンゾウニンゲン,ジンゾウニンゲン,じんぞうにんげん
二十六日,-1,-1,1,名詞,一般,*,*,*,*,二十六日,ニジュウロクニチ,ニジュウロクニチ,にじゅうろくにち
二十七日,-1,-1,1,名詞,一般,*,*,*,*,二十七日,ニジュウシチニチ,ニジュウシチニチ,にじゅうしちにち
原因不明,-1,-1,1,名詞,一般,*,*,*,*,原因不明,ゲンインフメイ,ゲンインフメイ,げんいんふめい
会社員,-1,-1,1,名詞,一般,*,*,*,*,会社員,カイシャイン,カイシャイン,かいしゃいん
前後関係,-1,-1,1,名詞,一般,*,*,*,*,前後関係,ゼンゴカンケイ,ゼンゴカンケイ,ぜんごかんけい
二十八日,-1,-1,1,名詞,一般,*,*,*,*,二十八日,ニジュウハチニチ,ニジュウハチニチ,にじゅうはちにち
満員御礼,-1,-1,1,名詞,一般,*,*,*,*,満員御礼,マンインオレイ,マンインオレイ,まんいんおれい
二十九日,-1,-1,1,名詞,一般,*,*,*,*,二十九日,ニジュウキュウニチ,ニジュウキュウニチ,にじゅうきゅうにち
一歩一歩,-1,-1,1,名詞,一般,*,*,*,*,一歩一歩,イッポイッポ,イッポイッポ,いっぽいっぽ
瞬間移動,-1,-1,1,名詞,一般,*,*,*,*,瞬間移動,シュンカンイドウ,シュンカンイドウ,しゅんかんいどう
とんでもない,-1,-1,1,名詞,一般,*,*,*,*,とんでもない,トンデモナイ,トンデモナイ,とんでもない
殺し屋,-1,-1,1,名詞,一般,*,*,*,*,殺し屋,コロシヤ,コロシヤ,ころしや
三十日,-1,-1,1,名詞,一般,*,*,*,*,三十日,サンジュウニチ,サンジュウニチ,さんじゅうにち
三十一日,-1,-1,1,名詞,一般,*,*,*,*,三十一日,サンジュウイチニチ,サンジュウイチニチ,さんじゅういちにち
魔導,-1,-1,1,名詞,一般,*,*,*,*,魔導,マドウ,マドウ,まどう
幻獣,-1,-1,1,名詞,一般,*,*,*,*,幻獣,ゲンジュウ,ゲンジュウ,げんじゅう
相談相手,-1,-1,1,名詞,一般,*,*,*,*,相談相手,ソウダンアイテ,ソウダンアイテ,そうだんあいて
つぼ,-1,-1,1,名詞,一般,*,*,*,*,つぼ,ツボ,ツボ,つぼ
おっと,-1,-1,1,名詞,一般,*,*,*,*,おっと,オット,オット,おっと
飛空艇,-1,-1,1,名詞,一般,*,*,*,*,飛空艇,ヒクウテイ,ヒクウテイ,ひくうてい
封魔壁,-1,-1,1,名詞,一般,*,*,*,*,封魔壁,フウマヘキ,フウマヘキ,ふうまへき
獣ヶ原,-1,-1,1,名詞,一般,*,*,*,*,獣ヶ原,ケモノガハラ,ケモノガハラ,けものがはら
石化,-1,-1,1,名詞,一般,*,*,*,*,石化,セキカ,セキカ,せきか
著,-1,-1,1,名詞,一般,*,*,*,*,著,チョ,チョ,ちょ
ひきがえる,-1,-1,1,名詞,一般,*,*,*,*,ひきがえる,ヒキガエル,ヒキガエル,ひきがえる
必殺技,-1,-1,1,名詞,一般,*,*,*,*,必殺技,ヒッサツワザ,ヒッサツワザ,ひっさつわざ
数人,-1,-1,1,名詞,一般,*,*,*,*,数人,スウニン,スウニン,すうにん
サーセン,-1,-1,1,名詞,一般,*,*,*,*,サーセン,サーセン,サーセン,サーセン
好く,-1,-1,1,名詞,一般,*,*,*,*,好く,スク,スク,すく
自己紹介,-1,-1,1,名詞,一般,*,*,*,*,自己紹介,ジコショウカイ,ジコショウカイ,じこしょうかい
車内販売,-1,-1,1,名詞,一般,*,*,*,*,車内販売,シャナイハンバイ,シャナイハンバイ,しゃないはんばい
無制限,-1,-1,1,名詞,一般,*,*,*,*,無制限,ムセイゲン,ムセイゲン,むせいげん
組分け,-1,-1,1,名詞,一般,*,*,*,*,組分け,クミワケ,クミワケ,くみわけ
魔法薬,-1,-1,1,名詞,一般,*,*,*,*,魔法薬,マホウヤク,マホウヤク,まほうやく
効果抜群,-1,-1,1,名詞,一般,*,*,*,*,効果抜群,コウカバツグン,コウカバツグン,こうかばつぐん
預言者,-1,-1,1,名詞,一般,*,*,*,*,預言者,ヨゲンシャ,ヨゲンシャ,よげんしゃ
汗をかく,-1,-1,1,名詞,一般,*,*,*,*,汗をかく,アセヲカク,アセヲカク,あせをかく
モテる,-1,-1,1,名詞,一般,*,*,*,*,モテる,モテル,モテル,モテる
來る,-1,-1,1,名詞,一般,*,*,*,*,來る,クル,クル,くる
淒い,-1,-1,1,名詞,一般,*,*,*,*,淒い,スゴイ,スゴイ,すごい
隕石,-1,-1,1,名詞,一般,*,*,*,*,隕石,インセキ,インセキ,いんせき
路線図,-1,-1,1,名詞,一般,*,*,*,*,路線図,ロセンズ,ロセンズ,ろせんず
人身攻撃,-1,-1,1,名詞,一般,*,*,*,*,人身攻撃,ジンシンコウゲキ,ジンシンコウゲキ,じんしんこうげき
時刻表,-1,-1,1,名詞,一般,*,*,*,*,時刻表,ジコクヒョウ,ジコクヒョウ,じこくひょう
全員無事,-1,-1,1,名詞,一般,*,*,*,*,全員無事,ゼンインブジ,ゼンインブジ,ぜんいんぶじ
経験値,-1,-1,1,名詞,一般,*,*,*,*,経験値,ケイケンチ,ケイケンチ,けいけんち
円増,-1,-1,1,名詞,一般,*,*,*,*,円増,エンソウ,エンソウ,えんそう
十分,-1,-1,1,名詞,一般,*,*,*,*,十分,ジュッブン,ジュッブン,じゅっぶん
定期的,-1,-1,1,名詞,一般,*,*,*,*,定期的,テイキテキ,テイキテキ,ていきてき
環境変数,-1,-1,1,名詞,一般,*,*,*,*,環境変数,カンキョウヘンスウ,カンキョウヘンスウ,かんきょうへんすう
暗示的,-1,-1,1,名詞,一般,*,*,*,*,暗示的,アンジテキ,アンジテキ,あんじてき
代表的,-1,-1,1,名詞,一般,*,*,*,*,代表的,ダイヒョウテキ,ダイヒョウテキ,だいひょうてき
1体,-1,-1,1,名詞,一般,*,*,*,*,1体,イッタイ,イッタイ,いったい
御宅,-1,-1,1,名詞,一般,*,*,*,*,御宅,オタク,オタク,おたく
先制攻撃,-1,-1,1,名詞,一般,*,*,*,*,先制攻撃,センセイコウゲキ,センセイコウゲキ,せんせいこうげき
正常に,-1,-1,1,名詞,一般,*,*,*,*,正常に,セイジョウニ,セイジョウニ,せいじょうに
通じて,-1,-1,1,名詞,一般,*,*,*,*,通じて,ツウジテ,ツウジテ,つうじて
丸で,-1,-1,1,名詞,一般,*,*,*,*,丸で,マルデ,マルデ,まるで
シッコ,-1,-1,1,名詞,一般,*,*,*,*,シッコ,シッコ,シッコ,シッコ
代目,-1,-1,1,名詞,一般,*,*,*,*,代目,ダイメ,ダイメ,だいめ
神竜,-1,-1,1,名詞,一般,*,*,*,*,神竜,シンリュウ,シンリュウ,しんりゅう
運転する,-1,-1,1,名詞,一般,*,*,*,*,運転する,ウンテンスル,ウンテンスル,うんてんする
運転手,-1,-1,1,名詞,一般,*,*,*,*,運転手,ウンテンシュ,ウンテンシュ,うんてんしゅ
まし,-1,-1,1,名詞,一般,*,*,*,*,まし,マシ,マシ,まし
電子書籍,-1,-1,1,名詞,一般,*,*,*,*,電子書籍,デンシショセキ,デンシショセキ,でんししょせき
零時,-1,-1,1,名詞,一般,*,*,*,*,零時,レイジ,レイジ,れいじ
航空券,-1,-1,1,名詞,一般,*,*,*,*,航空券,コウクウケン,コウクウケン,こうくうけん
出で,-1,-1,1,名詞,一般,*,*,*,*,出で,イデ,イデ,いで
古,-1,-1,1,名詞,一般,*,*,*,*,古,イニシエ,イニシエ,いにしえ
ついでに,-1,-1,1,名詞,一般,*,*,*,*,ついでに,ツイデニ,ツイデニ,ついでに
矮人,-1,-1,1,名詞,一般,*,*,*,*,矮人,ドワーフ,ドワーフ,ドワーフ
巨鬼,-1,-1,1,名詞,一般,*,*,*,*,巨鬼,トロル,トロル,トロル
人肉,-1,-1,1,名詞,一般,*,*,*,*,人肉,ジンニク,ジンニク,じんにく
被害者,-1,-1,1,名詞,一般,*,*,*,*,被害者,ヒガイシャ,ヒガイシャ,ひがいしゃ
一発,-1,-1,1,名詞,一般,*,*,*,*,一発,イッパツ,イッパツ,いっぱつ
謎々,-1,-1,1,名詞,一般,*,*,*,*,謎々,ナゾナゾ,ナゾナゾ,なぞなぞ
吹替,-1,-1,1,名詞,一般,*,*,*,*,吹替,フキカエ,フキカエ,ふきかえ
写真家,-1,-1,1,名詞,一般,*,*,*,*,写真家,シャシンカ,シャシンカ,しゃしんか
守護天使,-1,-1,1,名詞,一般,*,*,*,*,守護天使,シュゴテンシ,シュゴテンシ,しゅごてんし
べからず,-1,-1,1,名詞,一般,*,*,*,*,べからず,ベカラズ,ベカラズ,べからず
ですら,-1,-1,1,名詞,一般,*,*,*,*,ですら,デスラ,デスラ,ですら
背比べ,-1,-1,1,名詞,一般,*,*,*,*,背比べ,セイクラベ,セイクラベ,せいくらべ
魔除け,-1,-1,1,名詞,一般,*,*,*,*,魔除け,マヨケ,マヨケ,まよけ
早口言葉,-1,-1,1,名詞,一般,*,*,*,*,早口言葉,ハヤクチコトバ,ハヤクチコトバ,はやくちことば
紛れも無い,-1,-1,1,名詞,一般,*,*,*,*,紛れも無い,マギレモナイ,マギレモナイ,まぎれもない
邪竜,-1,-1,1,名詞,一般,*,*,*,*,邪竜,ドラゴン,ドラゴン,どらごん
降霊術,-1,-1,1,名詞,一般,*,*,*,*,降霊術,コウレイジュツ,コウレイジュツ,こうれいじゅつ
一握り,-1,-1,1,名詞,一般,*,*,*,*,一握り,ヒトニギリ,ヒトニギリ,ひとにぎり
省力化,-1,-1,1,名詞,一般,*,*,*,*,省力化,ショウリョクカ,ショウリョクカ,しょうりょくか
星系,-1,-1,1,名詞,一般,*,*,*,*,星系,セイケイ,セイケイ,せいけい
マス目,-1,-1,1,名詞,一般,*,*,*,*,マス目,マスメ,マスメ,ますめ
だらけ,-1,-1,1,名詞,一般,*,*,*,*,だらけ,ダラケ,ダラケ,だらけ
倉庫番,-1,-1,1,名詞,一般,*,*,*,*,倉庫番,ソウコバン,ソウコバン,そうこばん
飛行便,-1,-1,1,名詞,一般,*,*,*,*,飛行便,ヒコウビン,ヒコウビン,ひこうびん
塗れ,-1,-1,1,名詞,一般,*,*,*,*,塗れ,マミレ,マミレ,まみれ
尽くめ,-1,-1,1,名詞,一般,*,*,*,*,尽くめ,ズクメ,ズクメ,ずくめ
早いか,-1,-1,1,名詞,一般,*,*,*,*,早いか,ハヤイカ,ハヤイカ,はやいか
や否や,-1,-1,1,名詞,一般,*,*,*,*,や否や,ヤイナヤ,ヤイナヤ,やいなや
そばから,-1,-1,1,名詞,一般,*,*,*,*,そばから,ソバカラ,ソバカラ,そばから
近未来,-1,-1,1,名詞,一般,*,*,*,*,近未来,キンミライ,キンミライ,きんみらい
思いきや,-1,-1,1,名詞,一般,*,*,*,*,思いきや,オモイキヤ,オモイキヤ,おもいきや
がてら,-1,-1,1,名詞,一般,*,*,*,*,がてら,ガテラ,ガテラ,がてら
分科会,-1,-1,1,名詞,一般,*,*,*,*,分科会,ブンカカイ,ブンカカイ,ぶんかかい
審議会,-1,-1,1,名詞,一般,*,*,*,*,審議会,シンギカイ,シンギカイ,しんぎかい
精々,-1,-1,1,名詞,一般,*,*,*,*,精々,セイゼイ,セイゼイ,せいぜい
一通り,-1,-1,1,名詞,一般,*,*,*,*,一通り,ヒトトオリ,ヒトトオリ,ひととおり
神羅,-1,-1,1,名詞,一般,*,*,*,*,神羅,シンラ,シンラ,しんら
魔光,-1,-1,1,名詞,一般,*,*,*,*,魔光,マコウ,マコウ,まこう
古代類,-1,-1,1,名詞,一般,*,*,*,*,古代類,コダイルイ,コダイルイ,こだいるい
中括弧,-1,-1,1,名詞,一般,*,*,*,*,中括弧,ナカカッコ,ナカカッコ,なかかっこ
今作,-1,-1,1,名詞,一般,*,*,*,*,今作,コンサク,コンサク,こんさく
初学者,-1,-1,1,名詞,一般,*,*,*,*,初学者,ショガクシャ,ショガクシャ,しょがくしゃ
摩耶枷,-1,-1,1,名詞,一般,*,*,*,*,摩耶枷,マヤカシ,マヤカシ,まやかし
チンケ,-1,-1,1,名詞,一般,*,*,*,*,チンケ,チンケ,チンケ,チンケ
本項,-1,-1,1,名詞,一般,*,*,*,*,本項,ホンコウ,ホンコウ,ほんこう
産まれる,-1,-1,1,名詞,一般,*,*,*,*,産まれる,ウマレル,ウマレル,うまれる
厄災,-1,-1,1,名詞,一般,*,*,*,*,厄災,ヤクサイ,ヤクサイ,やくさい
恒星間,-1,-1,1,名詞,一般,*,*,*,*,恒星間,コウセイカン,コウセイカン,こうせいかん
艇長,-1,-1,1,名詞,一般,*,*,*,*,艇長,テイチョウ,テイチョウ,ていちょう
演算子,-1,-1,1,名詞,一般,*,*,*,*,演算子,エンザンシ,エンザンシ,えんざんし
厳正,-1,-1,1,名詞,一般,*,*,*,*,厳正,ゲンセイ,ゲンセイ,げんせい
カンスト,-1,-1,1,名詞,一般,*,*,*,*,カンスト,カンスト,カンスト,カンスト
打つかる,-1,-1,1,名詞,一般,*,*,*,*,打つかる,ブツカル,ブツカル,ぶつかる
聖剣,-1,-1,1,名詞,一般,*,*,*,*,聖剣,セイケン,セイケン,せいけん
護り,-1,-1,1,名詞,一般,*,*,*,*,護り,マモリ,マモリ,まもり
具体的,-1,-1,1,名詞,一般,*,*,*,*,具体的,グタイテキ,グタイテキ,ぐたいてき
山札,-1,-1,1,名詞,一般,*,*,*,*,山札,ヤマフダ,ヤマフダ,やまふだ
類似品,-1,-1,1,名詞,一般,*,*,*,*,類似品,ルイジヒン,ルイジヒン,るいじひん
咽る,-1,-1,1,名詞,一般,*,*,*,*,咽る,ムセル,ムセル,むせる
只管,-1,-1,1,名詞,一般,*,*,*,*,只管,ヒタスラ,ヒタスラ,ひたすら
島外,-1,-1,1,名詞,一般,*,*,*,*,島外,トウガイ,トウガイ,とうがい
特化,-1,-1,1,名詞,一般,*,*,*,*,特化,トッカ,トッカ,とっか
置き換え,-1,-1,1,名詞,一般,*,*,*,*,置き換え,オキカエ,オキカエ,おきかえ
舞い降りる,-1,-1,1,名詞,一般,*,*,*,*,舞い降りる,マイオリル,マイオリル,まいおりる
止め処,-1,-1,1,名詞,一般,*,*,*,*,止め処,トメド,トメド,とめど
潜水艦,-1,-1,1,名詞,一般,*,*,*,*,潜水艦,センスイカン,センスイカン,せんすいかん
覇斬,-1,-1,1,名詞,一般,*,*,*,*,覇斬,ハザン,ハザン,はざん
無関係,-1,-1,1,名詞,一般,*,*,*,*,無関係,ムカンケイ,ムカンケイ,むかんけい
小冊子,-1,-1,1,名詞,一般,*,*,*,*,小冊子,ショウサッシ,ショウサッシ,しょうさっし
げきむず,-1,-1,1,名詞,一般,*,*,*,*,げきむず,ゲキムズ,ゲキムズ,げきむず
果たし状,-1,-1,1,名詞,一般,*,*,*,*,果たし状,ハタシジョウ,ハタシジョウ,はたしじょう
聖盾,-1,-1,1,名詞,一般,*,*,*,*,聖盾,セイタテ,セイタテ,せいたて
朝出,-1,-1,1,名詞,一般,*,*,*,*,朝出,アサデ,アサデ,あさで
各々,-1,-1,1,名詞,一般,*,*,*,*,各々,オノオノ,オノオノ,おのおの
魅せられる,-1,-1,1,名詞,一般,*,*,*,*,魅せられる,ミセラレル,ミセラレル,みせられる
ちょろっと,-1,-1,1,名詞,一般,*,*,*,*,ちょろっと,チョロット,チョロット,ちょろっと
渦流,-1,-1,1,名詞,一般,*,*,*,*,渦流,カリュウ,カリュウ,かりゅう
絵札,-1,-1,1,名詞,一般,*,*,*,*,絵札,エフダ,エフダ,えふだ
謎る,-1,-1,1,名詞,一般,*,*,*,*,謎る,ナゾル,ナゾル,なぞる
漕ぎ着く,-1,-1,1,名詞,一般,*,*,*,*,漕ぎ着く,コギツク,コギツク,こぎつく
透過的,-1,-1,1,名詞,一般,*,*,*,*,透過的,トウカテキ,トウカテキ,とうかてき
オワコン,-1,-1,1,名詞,一般,*,*,*,*,オワコン,オワコン,オワコン,オワコン
情弱,-1,-1,1,名詞,一般,*,*,*,*,情弱,ジョウジャク,ジョウジャク,じょうじゃく
緊急事態,-1,-1,1,名詞,一般,*,*,*,*,緊急事態,キンキュウジタイ,キンキュウジタイ,きんきゅうじたい
港北区,-1,-1,1,名詞,一般,*,*,*,*,港北区,コウホクク,コウホクク,こうほくく
摘まむ,-1,-1,1,名詞,一般,*,*,*,*,摘まむ,ツマム,ツマム,つまむ
纏る,-1,-1,1,名詞,一般,*,*,*,*,纏る,マツワル,マツワル,まつわる
我が儘,-1,-1,1,名詞,一般,*,*,*,*,我が儘,ワガママ,ワガママ,わがまま
厳密,-1,-1,1,名詞,一般,*,*,*,*,厳密,ゲンミツ,ゲンミツ,げんみつ
脆弱性,-1,-1,1,名詞,一般,*,*,*,*,脆弱性,ゼイジャクセイ,ゼイジャクセイ,ぜいじゃくせい
定型的,-1,-1,1,名詞,一般,*,*,*,*,定型的,テイケイテキ,テイケイテキ,ていけいてき
謎解き,-1,-1,1,名詞,一般,*,*,*,*,謎解き,ナゾトキ,ナゾトキ,なぞとき
忽然,-1,-1,1,名詞,一般,*,*,*,*,忽然,コツゼン,コツゼン,こつぜん
サクッと,-1,-1,1,名詞,一般,*,*,*,*,サクッと,サクット,サクット,サクッと
爆速,-1,-1,1,名詞,一般,*,*,*,*,爆速,バクソク,バクソク,ばくそく
手書き文字認識,-1,-1,1,名詞,一般,*,*,*,*,手書き文字認識,テガキモジニンシキ,テガキモジニンシキ,てがきもじにんしき
